tconst,title,genres,averagerating,numvotes,studio,domestic_gross,popularity,release_date,vote_average,vote_count,month
tt0337692,On the Road,"['Adventure', 'Drama', 'Romance']",6.1,37886,IFC,744000.0,8.919,2012-12-21,5.6,518,12
tt0365907,A Walk Among the Tombstones,"['Action', 'Crime', 'Drama']",6.5,105116,Uni.,26300000.0,19.373,2014-09-19,6.3,1685,9
tt0369610,Jurassic World,"['Action', 'Adventure', 'Sci-Fi']",7.0,539338,Uni.,652300000.0,20.709,2015-06-12,6.6,14056,6
tt0372538,Spy,"['Action', 'Crime', 'Drama']",6.6,78,Fox,110800000.0,1.4,2011-08-09,7.0,1,8
tt0376479,American Pastoral,"['Crime', 'Drama']",6.1,12898,LGF,544000.0,7.782,2016-10-21,6.0,339,10
tt0383010,The Three Stooges,"['Comedy', 'Family']",5.1,28570,Fox,44300000.0,9.357999999999999,2012-04-13,5.1,215,4
tt0398286,Tangled,"['Adventure', 'Animation', 'Comedy']",7.8,366366,BV,200800000.0,21.511,2010-11-24,7.5,6407,11
tt0401729,John Carter,"['Action', 'Adventure', 'Sci-Fi']",6.6,241792,BV,73100000.0,18.549,2012-03-09,6.1,3338,3
tt0409847,Cowboys & Aliens,"['Action', 'Sci-Fi', 'Thriller']",6.0,195889,Uni.,100200000.0,16.293,2011-07-29,5.5,3110,7
tt0419692,Disconnect,"['Drama', 'Mystery', 'Sci-Fi']",4.5,190,LD,1400000.0,0.706,2010-08-06,6.7,3,8
tt0427152,Dinner for Schmucks,['Comedy'],5.9,91546,P/DW,73000000.0,6.632000000000001,2010-07-30,5.6,920,7
tt0429493,The A-Team,"['Action', 'Adventure', 'Thriller']",6.8,235256,Fox,77200000.0,17.097,2010-06-11,6.3,2703,6
tt0431021,The Possession,"['Horror', 'Mystery', 'Thriller']",5.9,53649,LGF,49100000.0,8.978,2012-08-31,5.9,918,8
tt0433035,Real Steel,"['Action', 'Drama', 'Family']",7.1,283534,BV,85500000.0,14.811,2011-10-06,6.8,4566,10
tt0435651,The Giver,"['Drama', 'Romance', 'Sci-Fi']",6.5,104999,Wein.,45100000.0,8.687000000000001,2014-08-11,6.5,3075,8
tt0435761,Toy Story 3,"['Adventure', 'Animation', 'Comedy']",8.3,682218,BV,415000000.0,24.445,2010-06-17,7.7,8340,6
tt0443272,Lincoln,"['Biography', 'Drama', 'History']",7.4,228701,BV,182200000.0,12.693,2012-11-16,6.8,2261,11
tt0443465,Before We Go,"['Comedy', 'Drama', 'Romance']",6.8,45181,RTWC,37200.0,8.232999999999999,2015-05-21,6.5,985,5
tt0446029,Scott Pilgrim vs. the World,"['Action', 'Comedy', 'Fantasy']",7.5,339338,Uni.,31500000.0,14.383,2010-08-13,7.3,3882,8
tt0448694,Puss in Boots,"['Action', 'Adventure', 'Animation']",6.6,133355,P/DW,149300000.0,9.078,2011-10-28,6.3,1422,10
tt0451279,Wonder Woman,"['Action', 'Adventure', 'Fantasy']",7.5,487527,WB,412600000.0,2.841,2013-09-29,5.9,34,9
tt0454876,Life of Pi,"['Adventure', 'Drama', 'Fantasy']",7.9,535836,Fox,125000000.0,15.0,2012-11-21,7.3,8723,11
tt0455407,The Crazies,"['Horror', 'Thriller']",6.5,104465,Over.,39100000.0,12.245999999999999,2010-02-26,6.2,1036,2
tt0455944,The Equalizer,"['Action', 'Crime', 'Thriller']",7.2,302302,Sony,101500000.0,28.941999999999997,2014-09-26,7.2,4989,9
tt0458339,Captain America: The First Avenger,"['Action', 'Adventure', 'Sci-Fi']",6.9,668137,Par.,176700000.0,25.808000000000003,2011-07-22,6.9,12810,7
tt0462335,High-Rise,"['Drama', 'Horror', 'Sci-Fi']",5.6,33746,Magn.,346000.0,8.474,2016-04-28,5.5,610,4
tt0464154,Piranha 3D,"['Comedy', 'Horror']",5.4,81327,W/Dim.,25000000.0,11.302,2010-08-20,5.3,1029,8
tt0470752,Ex Machina,"['Drama', 'Mystery', 'Sci-Fi']",7.7,424542,A24,25400000.0,18.485,2015-04-10,7.6,8026,4
tt0471042,Tower Heist,"['Action', 'Comedy', 'Crime']",6.2,125102,Uni.,78000000.0,12.213,2011-11-04,6.0,1592,11
tt0472181,The Smurfs,"['Adventure', 'Animation', 'Comedy']",5.5,77577,Sony,142600000.0,16.533,2011-07-29,5.6,2112,7
tt0472399,The Mechanic,"['Action', 'Crime', 'Thriller']",6.6,141254,CBS,29100000.0,14.387,2011-01-28,6.3,1676,1
tt0473075,Prince of Persia: The Sands of Time,"['Action', 'Adventure', 'Fantasy']",6.6,254975,BV,90800000.0,13.44,2010-05-27,6.2,4040,5
tt0475290,"Hail, Caesar!","['Comedy', 'Drama', 'Music']",6.3,111422,Uni.,30500000.0,12.312000000000001,2016-02-05,5.9,2328,2
tt0477080,Unstoppable,"['Action', 'Thriller']",6.8,173019,Fox,81600000.0,14.01,2010-11-12,6.4,1913,11
tt0477302,Extremely Loud & Incredibly Close,"['Adventure', 'Drama', 'Mystery']",6.9,93164,WB,31800000.0,9.828,2011-12-24,7.0,1231,12
tt0478304,The Tree of Life,"['Drama', 'Fantasy']",6.8,156266,FoxS,13300000.0,11.569,2011-05-27,6.6,1730,5
tt0478970,Ant-Man,"['Action', 'Adventure', 'Comedy']",7.3,501213,BV,180200000.0,32.715,2015-07-17,7.1,11949,7
tt0479997,Season of the Witch,"['Action', 'Adventure', 'Fantasy']",5.4,85777,Rela.,24800000.0,12.535,2011-01-07,5.3,1352,1
tt0480255,The Losers,"['Action', 'Adventure', 'Crime']",6.4,83876,WB,23600000.0,10.202,2010-04-23,6.2,844,4
tt0481499,The Croods,"['Action', 'Adventure', 'Animation']",7.2,176699,Fox,187200000.0,16.29,2013-03-22,6.8,3873,3
tt0491152,Something Borrowed,"['Comedy', 'Drama', 'Romance']",5.9,54314,WB,39000000.0,7.567,2011-05-05,6.1,591,5
tt0492389,Furry Vengeance,"['Comedy', 'Family']",3.8,14700,Sum.,17600000.0,9.45,2010-04-02,4.6,283,4
tt0493949,Ramona and Beezus,"['Adventure', 'Comedy', 'Family']",6.6,16086,Fox,26200000.0,7.442,2010-07-23,6.3,460,7
tt0498381,Rings,"['Drama', 'Horror', 'Mystery']",4.5,34151,Par.,27800000.0,13.53,2017-02-03,4.9,1785,2
tt0770828,Man of Steel,"['Action', 'Adventure', 'Sci-Fi']",7.1,647288,WB,291000000.0,27.666999999999998,2013-06-14,6.5,9758,6
tt0780653,The Wolfman,"['Drama', 'Fantasy', 'Horror']",5.8,97873,Uni.,62000000.0,14.03,2010-02-12,5.7,1009,2
tt0787474,The Boxtrolls,"['Adventure', 'Animation', 'Comedy']",6.8,50763,Focus,50800000.0,11.219000000000001,2014-09-26,6.7,1016,9
tt0790628,The Incredible Burt Wonderstone,"['Adventure', 'Comedy', 'Fantasy']",5.9,67549,WB (NL),22500000.0,9.362,2013-03-15,5.4,920,3
tt0790636,Dallas Buyers Club,"['Biography', 'Drama']",8.0,402462,Focus,27300000.0,12.389000000000001,2013-11-22,7.9,4961,11
tt0790663,The First Grader,"['Biography', 'Drama', 'Romance']",7.5,4052,NGE,332000.0,3.3310000000000004,2010-09-04,7.0,51,9
tt0790724,Jack Reacher,"['Action', 'Crime', 'Thriller']",7.0,284547,Par.,80100000.0,18.312,2012-12-21,6.4,4155,12
tt0790736,R.I.P.D.,"['Action', 'Adventure', 'Comedy']",5.6,109078,Uni.,33600000.0,21.377,2013-07-19,5.6,2047,7
tt0795461,Scary Movie 5,['Comedy'],3.5,60139,W/Dim.,32000000.0,16.316,2013-04-12,4.7,1494,4
tt0800369,Thor,"['Action', 'Adventure', 'Fantasy']",7.0,683264,Par.,181000000.0,38.068000000000005,2011-05-06,6.7,12764,5
tt0803096,Warcraft,"['Action', 'Adventure', 'Fantasy']",6.9,225557,Uni.,47400000.0,21.464000000000002,2016-06-10,6.3,4071,6
tt0804497,It's Kind of a Funny Story,"['Comedy', 'Drama', 'Romance']",7.1,125583,Focus,6400000.0,10.01,2010-10-08,7.0,1324,10
tt0808510,Tooth Fairy,"['Comedy', 'Family', 'Fantasy']",5.0,37939,Fox,60000000.0,12.65,2010-01-22,5.3,1058,1
tt0810913,Jack and Jill,['Comedy'],3.3,71361,Sony,74200000.0,11.277000000000001,2011-11-11,4.1,1124,11
tt0810922,Take Me Home Tonight,"['Comedy', 'Drama', 'Romance']",6.3,48393,Rela.,6900000.0,11.321,2011-03-04,6.1,339,3
tt0816442,The Book Thief,"['Drama', 'War']",7.6,119023,Fox,21500000.0,9.033999999999999,2013-11-08,7.5,2788,11
tt0816692,Interstellar,"['Adventure', 'Drama', 'Sci-Fi']",8.6,1299334,Par.,188000000.0,28.44,2014-11-05,8.2,18597,11
tt0816711,World War Z,"['Action', 'Adventure', 'Horror']",7.0,553751,Par.,202400000.0,14.582,2013-06-21,6.7,9132,6
tt0817177,Flipped,"['Comedy', 'Drama', 'Romance']",7.7,74937,WB,1800000.0,9.781,2010-08-06,7.4,859,8
tt0817230,Valentine's Day,"['Comedy', 'Romance']",5.7,107171,WB (NL),110500000.0,11.187000000000001,2010-02-11,5.8,1907,2
tt0829150,Dracula Untold,"['Action', 'Drama', 'Fantasy']",6.3,164829,Uni.,56300000.0,29.043000000000003,2014-10-03,6.2,3719,10
tt0837562,Hotel Transylvania,"['Animation', 'Comedy', 'Family']",7.1,204571,Sony,148300000.0,15.318,2012-09-28,6.9,5013,9
tt0840361,The Town,"['Crime', 'Drama', 'Thriller']",7.6,322524,WB,92200000.0,13.475999999999999,2010-09-17,7.1,2386,9
tt0842926,The Kids Are All Right,"['Comedy', 'Drama', 'Romance']",7.0,120656,Focus,20800000.0,8.426,2010-07-09,6.6,854,7
tt0848537,Epic,"['Adventure', 'Animation', 'Family']",6.7,95318,Fox,107500000.0,13.995,2013-05-24,6.4,1670,5
tt0850709,Risen,"['Biography', 'Drama']",5.3,182,Sony,36900000.0,10.089,2016-02-18,5.8,433,2
tt0864835,Mr. Peabody & Sherman,"['Adventure', 'Animation', 'Comedy']",6.8,57277,Fox,111500000.0,12.812999999999999,2014-03-07,6.6,1357,3
tt0872230,My Soul to Take,"['Horror', 'Mystery', 'Thriller']",4.8,18381,Uni.,14700000.0,9.808,2010-10-08,5.4,247,10
tt0873886,Red State,"['Action', 'Crime', 'Horror']",6.2,59266,SMod,1100000.0,7.816,2011-09-23,6.1,472,9
tt0882977,Snitch,"['Action', 'Drama', 'Thriller']",6.5,78142,LG/S,42900000.0,0.6,2011-01-01,1.0,1,1
tt0884732,The Wedding Ringer,['Comedy'],6.7,66893,SGem,64500000.0,15.876,2015-01-16,6.5,961,1
tt0892318,Letters to Juliet,"['Adventure', 'Comedy', 'Drama']",6.6,86137,Sum.,53000000.0,9.394,2010-05-14,6.9,1706,5
tt0892769,How to Train Your Dragon,"['Action', 'Adventure', 'Animation']",8.1,611299,P/DW,217600000.0,28.734,2010-03-26,7.7,7610,3
tt0892791,Shrek Forever After,"['Adventure', 'Animation', 'Comedy']",6.3,167532,P/DW,238700000.0,15.040999999999999,2010-05-16,6.1,3843,5
tt0903624,The Hobbit: An Unexpected Journey,"['Adventure', 'Family', 'Fantasy']",7.9,719629,WB (NL),303000000.0,26.939,2012-12-14,7.2,12076,12
tt0903657,Love & Mercy,"['Biography', 'Drama', 'Music']",7.4,32238,RAtt.,12600000.0,10.103,2015-06-05,7.2,363,6
tt0918940,The Legend of Tarzan,"['Action', 'Adventure', 'Drama']",6.3,150154,WB,126600000.0,14.797,2016-07-01,5.8,4102,7
tt0935075,Rabbit Hole,['Drama'],7.0,45357,LGF,2200000.0,9.389,2010-12-16,6.8,292,12
tt0938283,The Last Airbender,"['Action', 'Adventure', 'Family']",4.1,137734,Par.,131800000.0,16.595,2010-07-01,4.6,2143,7
tt0944835,Salt,"['Action', 'Mystery', 'Thriller']",6.4,277204,Sony,118300000.0,13.025,2010-07-23,6.3,3240,7
tt0945513,Source Code,"['Action', 'Drama', 'Sci-Fi']",7.5,452036,Sum.,54700000.0,13.495,2011-04-01,7.2,4529,4
tt0947798,Black Swan,"['Drama', 'Thriller']",8.0,648854,FoxS,107000000.0,13.745,2010-12-03,7.6,8374,12
tt0947810,Green Zone,"['Action', 'Drama', 'Thriller']",6.8,122132,Uni.,35100000.0,11.519,2010-03-11,6.4,1176,3
tt0948470,The Amazing Spider-Man,"['Action', 'Adventure', 'Sci-Fi']",7.0,525632,Sony,262000000.0,24.391,2012-07-04,6.5,10411,7
tt0954947,The Killer Inside Me,"['Crime', 'Drama', 'Horror']",6.1,31727,IFC,217000.0,7.087000000000001,2010-04-27,5.9,304,4
tt0955308,Robin Hood,"['Action', 'Adventure', 'Drama']",6.6,239480,Uni.,105300000.0,15.444,2010-05-14,6.3,2569,5
tt0963966,The Sorcerer's Apprentice,"['Action', 'Adventure', 'Family']",6.1,143862,BV,63200000.0,14.463,2010-07-13,5.9,2879,7
tt0964517,The Fighter,"['Biography', 'Drama', 'Sport']",7.8,316539,Par.,93600000.0,10.395,2010-12-17,7.3,2325,12
tt0968264,The Conspirator,"['Crime', 'Drama', 'History']",6.9,26416,RAtt.,11500000.0,6.492999999999999,2011-04-15,6.5,226,4
tt0970179,Hugo,"['Adventure', 'Drama', 'Family']",7.5,284869,Par.,73900000.0,12.936,2011-11-23,7.1,4124,11
tt0970866,Little Fockers,"['Comedy', 'Romance']",5.5,99222,Uni.,148400000.0,12.152999999999999,2010-12-21,5.6,1883,12
tt0978764,Sucker Punch,"['Action', 'Adventure', 'Fantasy']",6.1,218371,WB,36400000.0,14.415999999999999,2011-03-25,6.0,2716,3
tt0980970,The Chronicles of Narnia: The Voyage of the Dawn Treader,"['Adventure', 'Family', 'Fantasy']",6.3,129663,Fox,104400000.0,17.382,2010-12-10,6.3,3196,12
tt0983193,The Adventures of Tintin,"['Action', 'Adventure', 'Animation']",7.3,202430,Par.,77600000.0,11.981,2011-12-20,6.8,3251,12
tt0985694,Machete,"['Action', 'Crime', 'Thriller']",6.6,182320,Fox,26600000.0,12.557,2010-09-03,6.3,1862,9
tt0989757,Dear John,"['Drama', 'Romance', 'War']",6.3,128657,SGem,80000000.0,12.048,2010-02-04,6.8,2676,2
tt0990407,The Green Hornet,"['Action', 'Comedy', 'Crime']",5.8,148622,Sony,98800000.0,14.501,2011-01-13,5.5,1897,1
tt0993842,Hanna,"['Action', 'Drama', 'Thriller']",6.8,179178,Focus,40300000.0,9.709,2011-04-08,6.6,1944,4
tt0993846,The Wolf of Wall Street,"['Biography', 'Crime', 'Drama']",8.2,1035358,Par.,116900000.0,29.518,2013-12-25,7.9,12411,12
tt1007029,The Iron Lady,"['Biography', 'Drama']",6.4,96066,Wein.,30000000.0,8.987,2011-12-30,6.4,899,12
tt1686470,Inferno,['Thriller'],6.3,50,Sony,34300000.0,17.41,2016-10-28,5.9,3877,10
tt2009606,Believe,"['Drama', 'Sport']",5.7,695,ORF,6200000.0,1.327,2013-09-27,5.9,12,9
tt1013860,Dylan Dog: Dead of Night,"['Action', 'Comedy', 'Crime']",5.1,14120,OMNI/FSR,1200000.0,7.507999999999999,2011-11-01,4.4,243,11
tt1017451,The Runaways,"['Biography', 'Drama', 'Music']",6.6,43792,App.,3600000.0,8.19,2010-03-19,6.4,448,3
tt1020072,Selma,"['Biography', 'Drama', 'History']",7.5,77633,Par.,52100000.0,9.541,2014-12-25,7.5,1354,12
tt1020558,Centurion,"['Action', 'Adventure', 'Drama']",6.4,74085,Magn.,124000.0,13.548,2010-02-15,6.1,673,2
tt1023114,The Way Back,"['Adventure', 'Drama', 'History']",7.3,102126,NM,2700000.0,7.502999999999999,2010-09-03,6.9,759,9
tt1465490,Joy,['Drama'],6.1,233,Fox,56500000.0,10.305,2015-12-25,6.5,2723,12
tt1024648,Argo,"['Biography', 'Drama', 'Thriller']",7.7,534683,WB,136000000.0,15.793,2012-10-12,7.2,5127,10
tt1462041,Dream House,"['Drama', 'Mystery', 'Thriller']",6.0,59714,Uni.,21300000.0,9.047,2011-09-30,6.0,670,9
tt1027718,Wall Street: Money Never Sleeps,['Drama'],6.2,93486,Fox,52500000.0,10.177,2010-09-20,6.0,797,9
tt1028576,Secretariat,"['Biography', 'Drama', 'Family']",7.2,24536,BV,59700000.0,9.059,2010-10-08,7.0,200,10
tt1033575,The Descendants,"['Comedy', 'Drama']",7.3,223464,FoxS,82600000.0,10.444,2011-11-18,6.8,1522,11
tt1605783,Midnight in Paris,"['Comedy', 'Fantasy', 'Romance']",7.7,356500,SPC,56800000.0,13.171,2011-05-20,7.5,3965,5
tt1034314,Iron Sky,"['Action', 'Comedy', 'Sci-Fi']",5.9,87609,EOne,122000.0,9.419,2012-03-10,5.7,840,3
tt1034389,The Eagle,"['Action', 'Adventure', 'Drama']",6.2,61475,Focus,19500000.0,8.443,2011-02-11,6.1,694,2
tt1034415,Suspiria,"['Fantasy', 'Horror', 'Mystery']",6.8,37360,Amazon,2500000.0,16.925,2018-10-26,7.0,752,10
tt1655460,Wanderlust,"['Comedy', 'Romance']",5.6,69081,Uni.,17500000.0,9.896,2012-02-24,5.4,693,2
tt1037705,The Book of Eli,"['Action', 'Adventure', 'Drama']",6.9,271307,WB,94800000.0,18.985,2010-01-11,6.7,3495,1
tt1038919,The Bounty Hunter,"['Action', 'Comedy', 'Romance']",5.6,112444,Sony,67099999.0,9.861,2010-03-19,5.7,1627,3
tt1372686,Coriolanus,"['Drama', 'Thriller', 'War']",6.1,29654,Wein.,757000.0,8.016,2012-01-19,6.0,215,1
tt1809398,Unbroken,"['Biography', 'Drama', 'Sport']",7.2,129981,Uni.,115600000.0,12.354000000000001,2014-12-25,7.4,2240,12
tt1043726,The Legend of Hercules,"['Action', 'Adventure', 'Fantasy']",4.2,50352,LG/S,18800000.0,13.754000000000001,2014-01-10,4.5,805,1
tt1781769,Anna Karenina,"['Drama', 'Romance']",6.6,84668,Focus,12800000.0,9.987,2012-11-16,6.7,1265,11
tt1045658,Silver Linings Playbook,"['Comedy', 'Drama', 'Romance']",7.7,621018,Wein.,132100000.0,15.350999999999999,2012-12-25,7.1,7636,12
tt1599348,Safe House,"['Action', 'Adventure', 'Crime']",6.8,192655,Uni.,126400000.0,13.116,2012-02-10,6.4,1997,2
tt1053424,Repo Men,"['Action', 'Crime', 'Sci-Fi']",6.3,96144,Uni.,13800000.0,12.437000000000001,2010-03-19,6.2,976,3
tt1053810,The Big Year,['Comedy'],6.2,39522,Fox,7200000.0,7.077000000000001,2011-10-14,5.8,393,10
tt1067583,Water for Elephants,"['Drama', 'Romance']",6.9,105812,Fox,58700000.0,6.209,2011-04-22,6.9,1627,4
tt1067774,Monte Carlo,"['Adventure', 'Comedy', 'Family']",5.8,38731,Fox,23200000.0,11.017000000000001,2011-07-01,6.2,1193,7
tt1071875,Ghost Rider: Spirit of Vengeance,"['Action', 'Fantasy', 'Thriller']",4.3,103608,Sony,51800000.0,18.678,2011-12-10,4.8,2039,12
tt1074638,Skyfall,"['Action', 'Adventure', 'Thriller']",7.8,592221,Sony,304400000.0,19.27,2012-11-09,7.1,10441,11
tt1075747,Jonah Hex,"['Action', 'Drama', 'Fantasy']",4.7,51860,WB,10500000.0,13.467,2010-06-18,4.6,708,6
tt1077368,Dark Shadows,"['Comedy', 'Fantasy', 'Horror']",6.2,229818,WB,79700000.0,15.75,2012-05-11,5.9,4197,5
tt1085448,Lights Out,['Drama'],6.6,10,WB (NL),67300000.0,12.408,2016-07-22,6.3,2220,7
tt1086772,Blended,"['Comedy', 'Romance']",6.5,106491,WB,46300000.0,10.613,2014-05-23,6.7,1709,5
tt1091191,Lone Survivor,"['Action', 'Biography', 'Drama']",7.5,246641,Uni.,125100000.0,15.404000000000002,2013-12-24,7.4,2289,12
tt1091821,Noah,['Animation'],5.6,223,Par.,101200000.0,0.6,2013-09-09,7.6,11,9
tt1092026,Paul,"['Adventure', 'Comedy', 'Sci-Fi']",7.0,220567,Uni.,37400000.0,15.234000000000002,2011-03-17,6.5,3017,3
tt1100089,Foxcatcher,"['Biography', 'Drama', 'Sport']",7.0,125954,SPC,12100000.0,12.169,2015-01-16,6.6,1407,1
tt1103153,Killers,"['Action', 'Comedy', 'Romance']",5.4,82237,LGF,47100000.0,10.221,2010-06-04,5.8,1314,6
tt1109624,Paddington,"['Adventure', 'Comedy', 'Family']",7.2,84679,W/Dim.,76300000.0,13.565,2015-01-16,7.0,1904,1
tt1111235,Trance,['Horror'],4.6,77,FoxS,2300000.0,9.571,2013-04-05,6.6,1348,4
tt1120985,Blue Valentine,"['Drama', 'Romance']",7.4,170089,Wein.,9700000.0,8.994,2010-12-29,6.9,1677,12
tt1121096,Seventh Son,"['Action', 'Adventure', 'Fantasy']",5.5,66565,Uni.,17200000.0,22.855999999999998,2015-02-06,5.3,1549,2
tt1124035,The Ides of March,"['Drama', 'Thriller']",7.1,207417,Sony,41000000.0,10.127,2011-10-07,6.7,1405,10
tt1126590,Big Eyes,"['Biography', 'Crime', 'Drama']",7.0,77447,Wein.,14500000.0,12.017000000000001,2014-12-25,7.0,2153,12
tt1126618,Morning Glory,"['Comedy', 'Drama', 'Romance']",6.5,67367,Par.,31000000.0,10.595,2010-11-10,6.3,717,11
tt1130884,Shutter Island,"['Mystery', 'Thriller']",8.1,1005960,Par.,128000000.0,18.06,2010-02-18,8.1,12625,2
tt1133985,Green Lantern,"['Action', 'Adventure', 'Sci-Fi']",5.5,252281,WB,116600000.0,17.257,2011-06-17,5.1,4290,6
tt1135084,Takers,"['Action', 'Crime', 'Thriller']",6.2,53377,SGem,57700000.0,8.969,2010-08-26,6.2,605,8
tt1139328,The Ghost Writer,"['Drama', 'Mystery', 'Thriller']",7.2,148274,Sum.,15500000.0,7.829,2010-02-12,6.8,1135,2
tt1142977,Frankenweenie,"['Animation', 'Comedy', 'Family']",7.0,89489,BV,35300000.0,14.627,2012-10-05,6.8,1685,10
tt1152398,Beastly,"['Drama', 'Fantasy', 'Romance']",5.6,72599,CBS,27900000.0,10.136000000000001,2011-03-04,6.1,1748,3
tt1152830,The Joneses,"['Comedy', 'Drama']",6.9,87,RAtt.,1500000.0,6.4239999999999995,2010-04-16,6.2,312,4
tt1155076,The Karate Kid,"['Action', 'Drama', 'Family']",6.2,146401,Sony,176600000.0,12.255999999999998,2010-06-10,6.3,3140,6
tt1161864,The Rite,"['Drama', 'Horror', 'Mystery']",6.0,85604,WB (NL),33000000.0,9.676,2011-01-28,5.9,994,1
tt1164999,Biutiful,"['Drama', 'Romance']",7.5,80382,RAtt.,5100000.0,7.697,2010-12-28,7.2,546,12
tt1170358,The Hobbit: The Desolation of Smaug,"['Adventure', 'Fantasy']",7.8,565563,WB (NL),258399999.0,21.275,2013-12-13,7.6,7739,12
tt1175709,All Good Things,"['Crime', 'Drama', 'Mystery']",6.3,49684,Magn.,582000.0,7.871,2010-12-03,6.0,493,12
tt1179034,From Paris with Love,"['Action', 'Crime', 'Thriller']",6.5,107079,LGF,24100000.0,12.862,2010-02-05,6.2,1075,2
tt1179933,10 Cloverfield Lane,"['Drama', 'Horror', 'Mystery']",7.2,260383,Par.,72100000.0,17.892,2016-03-11,6.9,4629,3
tt1181791,Black Death,"['Action', 'Adventure', 'Drama']",6.4,41103,Magn.,22600.0,9.818999999999999,2011-03-11,5.9,425,3
tt1182350,You Will Meet a Tall Dark Stranger,"['Comedy', 'Drama', 'Romance']",6.3,41608,SPC,3200000.0,6.209,2010-05-23,5.8,431,5
tt1189340,The Lincoln Lawyer,"['Crime', 'Drama', 'Thriller']",7.3,196109,LGF,58000000.0,11.812000000000001,2011-03-18,7.1,1525,3
tt1192628,Rango,"['Adventure', 'Animation', 'Comedy']",7.2,215761,Par.,123500000.0,14.462,2011-03-03,6.6,3412,3
tt1194173,The Bourne Legacy,"['Action', 'Adventure', 'Thriller']",6.7,268678,Uni.,113200000.0,18.05,2012-08-10,6.1,3630,8
tt1195478,The Five-Year Engagement,"['Comedy', 'Romance']",6.2,88469,Uni.,28800000.0,10.729000000000001,2012-04-27,5.8,742,4
tt1196141,Diary of a Wimpy Kid,"['Comedy', 'Drama', 'Family']",6.2,38640,Fox,64000000.0,12.255999999999998,2010-03-19,6.0,736,3
tt1198101,Kites,"['Action', 'Drama', 'Romance']",6.1,11353,Relbig.,1600000.0,6.058,2010-05-21,5.8,67,5
tt1204340,Tyrannosaur,['Drama'],7.6,28454,Strand,22300.0,7.234,2011-11-18,7.4,213,11
tt1204342,The Muppets,"['Adventure', 'Comedy', 'Family']",7.1,82752,BV,88600000.0,11.324000000000002,2011-11-23,6.6,831,11
tt1204977,Ouija,"['Horror', 'Mystery', 'Thriller']",4.5,44054,Uni.,50900000.0,15.389000000000001,2014-10-24,5.1,1670,10
tt1205537,Jack Ryan: Shadow Recruit,"['Action', 'Drama', 'Thriller']",6.2,114913,Par.,50600000.0,11.061,2014-01-17,6.1,1687,1
tt1206543,Out of the Furnace,"['Crime', 'Drama', 'Thriller']",6.8,99037,Rela.,11300000.0,9.139,2013-12-06,6.6,1077,12
tt1210166,Moneyball,"['Biography', 'Drama', 'Sport']",7.6,326657,Sony,75600000.0,15.392999999999999,2011-09-22,7.1,2255,9
tt1210819,The Lone Ranger,"['Action', 'Adventure', 'Western']",6.4,208827,BV,89300000.0,12.482000000000001,2013-07-03,6.0,3789,7
tt1211837,Doctor Strange,"['Action', 'Adventure', 'Fantasy']",7.5,514510,BV,232600000.0,33.035,2016-11-04,7.3,12582,11
tt1211956,Escape Plan,"['Action', 'Crime', 'Mystery']",6.7,211587,LG/S,25100000.0,17.88,2013-10-18,6.7,2799,10
tt1212419,Hereafter,"['Drama', 'Fantasy', 'Romance']",6.5,87288,WB,32700000.0,7.886,2010-10-22,5.9,848,10
tt1213648,London Boulevard,"['Crime', 'Drama']",6.2,44610,IFC,16100.0,8.469,2010-11-12,5.9,409,11
tt1213663,The World's End,"['Action', 'Comedy', 'Sci-Fi']",7.0,235308,Focus,26000000.0,12.719000000000001,2013-08-23,6.7,2990,8
tt1214962,Seeking Justice,"['Action', 'Crime', 'Drama']",6.2,42846,Anch.,412000.0,14.262,2012-03-16,5.9,524,3
tt1216475,Cars 2,"['Adventure', 'Animation', 'Comedy']",6.2,138914,BV,191500000.0,23.498,2011-06-16,5.9,4058,6
tt1216492,Leap Year,"['Comedy', 'Romance']",6.5,86125,Uni.,25900000.0,11.821,2010-01-08,6.7,990,1
tt1217209,Brave,"['Adventure', 'Animation', 'Comedy']",7.1,338728,BV,237300000.0,0.6,2010-01-19,5.0,1,1
tt1219289,Limitless,"['Mystery', 'Sci-Fi', 'Thriller']",7.4,492490,Rela.,79200000.0,19.453,2011-03-08,7.1,6295,3
tt1219342,Legend of the Guardians: The Owls of Ga'Hoole,"['Action', 'Adventure', 'Animation']",7.0,73790,WB,55700000.0,10.754000000000001,2010-09-24,6.6,1223,9
tt1220634,Resident Evil: Afterlife,"['Action', 'Adventure', 'Horror']",5.9,153270,SGem,60100000.0,0.667,2010-09-10,5.9,2119,9
tt1226229,Get Him to the Greek,"['Adventure', 'Comedy', 'Music']",6.4,161653,Uni.,61000000.0,8.485,2010-06-04,5.9,980,6
tt1226273,Edge of Darkness,"['Crime', 'Drama', 'Mystery']",6.6,84753,WB,43300000.0,11.252,2010-01-29,6.3,794,1
tt1226753,The Debt,"['Drama', 'Thriller']",6.9,61046,Focus,31200000.0,12.697000000000001,2011-08-31,6.6,403,8
tt1226837,Beautiful Boy,"['Biography', 'Drama']",7.3,30368,Anch.,77200.0,5.872000000000001,2011-06-03,6.0,47,6
tt1228705,Iron Man 2,"['Action', 'Adventure', 'Sci-Fi']",7.0,657690,Par.,312400000.0,28.515,2010-05-07,6.8,12368,5
tt1229238,Mission: Impossible - Ghost Protocol,"['Action', 'Adventure', 'Thriller']",7.4,428142,Par.,209400000.0,18.304000000000002,2011-12-21,7.0,6102,12
tt1229340,Anchorman 2: The Legend Continues,['Comedy'],6.3,156116,Par.,125200000.0,12.08,2013-12-18,6.1,1408,12
tt1229822,Jane Eyre,"['Drama', 'Romance']",7.4,74998,Focus,11200000.0,12.329,2011-03-11,7.1,758,3
tt1231583,Due Date,"['Adventure', 'Comedy']",6.5,303523,WB,100500000.0,12.445,2010-11-04,6.3,2973,11
tt1231587,Hot Tub Time Machine,"['Comedy', 'Sci-Fi']",6.4,153962,MGM,50300000.0,10.15,2010-03-26,6.0,1383,3
tt1232829,21 Jump Street,"['Action', 'Comedy', 'Crime']",7.2,477771,Sony,138400000.0,14.835999999999999,2012-03-12,6.8,6527,3
tt1234654,Greenberg,"['Comedy', 'Drama', 'Romance']",6.1,33702,Focus,4200000.0,7.57,2010-03-26,5.9,280,3
tt1235189,Wild Target,"['Action', 'Comedy', 'Crime']",6.8,33915,Free,109000.0,9.355,2010-10-29,6.4,356,10
tt1235522,Broken City,"['Crime', 'Drama', 'Thriller']",6.2,71704,Fox,19700000.0,13.645999999999999,2013-01-18,5.9,814,1
tt1235830,Chico & Rita,"['Animation', 'Crime', 'Drama']",7.2,7992,GK,351000.0,6.515,2012-02-10,6.8,77,2
tt1240982,Your Highness,"['Adventure', 'Comedy', 'Fantasy']",5.5,92940,Uni.,21600000.0,0.6,2010-01-01,3.0,4,1
tt1242432,I Spit on Your Grave,"['Horror', 'Thriller']",6.3,68592,Anch.,93100.0,13.102,2010-10-08,6.3,977,10
tt1242460,We Need to Talk About Kevin,"['Drama', 'Mystery', 'Thriller']",7.5,123619,Osci.,1700000.0,11.964,2011-12-09,7.6,1306,12
tt1242599,Bellflower,"['Action', 'Drama', 'Romance']",6.4,7321,Osci.,168000.0,5.377000000000001,2011-08-05,6.2,84,8
tt1243957,The Tourist,"['Action', 'Adventure', 'Thriller']",6.0,206714,Sony,67600000.0,10.307,2010-12-10,6.1,3133,12
tt1244754,Conviction,"['Biography', 'Crime', 'Drama']",7.2,39771,FoxS,6800000.0,7.51,2010-10-15,7.2,297,10
tt1250777,Kick-Ass,"['Action', 'Comedy']",7.6,497363,LGF,48100000.0,13.08,2010-04-16,7.1,7540,4
tt1253864,Immortals,"['Action', 'Drama', 'Fantasy']",6.0,152992,Rela.,83500000.0,14.774000000000001,2011-11-11,5.8,1431,11
tt1258972,The Man with the Iron Fists,['Action'],5.4,58185,Uni.,15600000.0,15.457,2012-11-02,5.3,573,11
tt1259521,The Cabin in the Woods,['Horror'],7.0,338445,LGF,42100000.0,15.335999999999999,2012-04-12,6.5,4185,4
tt1262416,Scream 4,"['Horror', 'Mystery']",6.2,118779,W/Dim.,38200000.0,16.082,2011-04-11,6.2,1610,4
tt1265990,The Roommate,"['Drama', 'Thriller']",4.9,33062,SGem,37300000.0,8.134,2011-02-04,5.4,406,2
tt1270761,Don't Be Afraid of the Dark,"['Fantasy', 'Horror', 'Thriller']",5.6,44490,FD,24000000.0,8.405,2010-11-06,5.5,550,11
tt1273678,The Spy Next Door,"['Action', 'Comedy', 'Family']",5.5,36767,LGF,24300000.0,10.745999999999999,2010-01-15,5.7,650,1
tt1274300,The Tempest,"['Comedy', 'Drama', 'Fantasy']",5.4,7073,Mira.,278000.0,6.3,2010-12-10,5.8,52,12
tt1276104,Looper,"['Action', 'Crime', 'Drama']",7.4,500595,TriS,66500000.0,16.779,2012-09-28,6.8,6723,9
tt1277953,Madagascar 3: Europe's Most Wanted,"['Adventure', 'Animation', 'Comedy']",6.8,146858,P/DW,216400000.0,18.705,2012-06-08,6.5,3380,6
tt1279935,Date Night,"['Comedy', 'Crime', 'Romance']",6.3,144683,Fox,98700000.0,12.498,2010-04-08,6.0,1743,4
tt1282140,Easy A,"['Comedy', 'Drama', 'Romance']",7.1,330125,SGem,58400000.0,14.69,2010-09-17,6.8,4168,9
tt1284575,Bad Teacher,"['Comedy', 'Romance']",5.7,181189,Sony,100300000.0,13.549000000000001,2011-06-19,5.5,2894,6
tt1285016,The Social Network,"['Biography', 'Drama']",7.7,568578,Sony,97000000.0,15.889000000000001,2010-10-01,7.2,6116,10
tt1285241,Don 2,"['Action', 'Crime', 'Thriller']",7.1,46503,Relbig.,3700000.0,6.867999999999999,2011-12-23,7.1,97,12
tt1287468,Cats & Dogs: The Revenge of Kitty Galore,"['Action', 'Comedy', 'Family']",4.3,12642,WB,43600000.0,10.544,2010-07-30,4.9,273,7
tt1291584,Warrior,"['Drama', 'Sport']",8.2,403755,LGF,13700000.0,15.478,2011-09-09,7.8,2189,9
tt1294226,The Last Song,"['Drama', 'Music', 'Romance']",6.0,74914,BV,63000000.0,9.237,2010-03-31,7.2,2199,3
tt1294688,Last Night,"['Drama', 'Romance']",6.6,44728,Trib.,99000.0,8.244,2010-09-18,6.1,444,9
tt1298649,The Watch,"['Action', 'Comedy', 'Horror']",5.7,115757,Fox,35400000.0,10.228,2012-07-27,5.4,1356,7
tt1298650,Pirates of the Caribbean: On Stranger Tides,"['Action', 'Adventure', 'Fantasy']",6.6,447624,BV,241100000.0,30.579,2011-05-20,6.4,8571,5
tt1302011,Kung Fu Panda 2,"['Action', 'Adventure', 'Animation']",7.2,228465,P/DW,165200000.0,17.363,2011-05-25,6.7,3628,5
tt1305583,Our Family Wedding,"['Comedy', 'Romance']",4.9,6417,FoxS,20300000.0,5.025,2010-03-12,5.5,57,3
tt1305591,Mars Needs Moms,"['Adventure', 'Animation', 'Family']",5.4,19823,BV,21400000.0,8.852,2011-03-11,5.7,299,3
tt1306980,50/50,"['Comedy', 'Drama', 'Romance']",7.7,300475,Sum.,35000000.0,12.450999999999999,2011-09-30,7.1,2111,9
tt1307068,Seeking a Friend for the End of the World,"['Adventure', 'Comedy', 'Drama']",6.7,102047,Focus,7100000.0,8.092,2012-06-22,6.4,1108,6
tt1308729,Bullet to the Head,"['Action', 'Crime', 'Thriller']",5.7,44816,WB,9500000.0,17.574,2013-02-01,5.4,681,2
tt1311071,Kill Your Darlings,"['Biography', 'Drama', 'Romance']",6.5,32625,SPC,1000000.0,7.296,2013-10-16,7.2,847,10
tt1316622,Wrecked,"['Adventure', 'Drama', 'Mystery']",5.3,14324,IFC,8000.0,4.685,2011-04-01,5.4,156,4
tt1318514,Rise of the Planet of the Apes,"['Action', 'Drama', 'Sci-Fi']",7.6,473020,Fox,176800000.0,22.995,2011-08-04,7.2,7259,8
tt1319716,It's a Wonderful Afterlife,"['Comedy', 'Drama', 'Fantasy']",5.4,1361,UTV,,1.3319999999999999,2010-10-08,4.6,12,10
tt1320253,The Expendables,"['Action', 'Adventure', 'Thriller']",6.5,307897,LGF,103100000.0,21.517,2010-08-03,6.1,4647,8
tt1320261,Gulliver's Travels,"['Adventure', 'Comedy', 'Family']",4.9,61178,Fox,42800000.0,10.767999999999999,2010-12-25,5.1,1282,12
tt1321870,Gangster Squad,"['Action', 'Crime', 'Drama']",6.7,195560,WB,46000000.0,13.029000000000002,2013-01-11,6.3,2527,1
tt1322269,August: Osage County,"['Comedy', 'Drama']",7.2,79383,Wein.,37700000.0,9.586,2013-12-27,6.9,843,12
tt1322312,Going the Distance,"['Comedy', 'Romance']",6.3,54421,WB (NL),17800000.0,8.281,2010-09-03,6.0,394,9
tt1323045,Frozen,"['Adventure', 'Drama', 'Sport']",6.2,62311,BV,400700000.0,9.677999999999999,2010-02-05,5.8,987,2
tt1323594,Despicable Me,"['Animation', 'Comedy', 'Family']",7.7,464511,Uni.,251500000.0,23.673000000000002,2010-07-09,7.2,10057,7
tt1325004,The Twilight Saga: Eclipse,"['Adventure', 'Drama', 'Fantasy']",5.0,211733,Sum.,300500000.0,20.34,2010-06-23,6.0,4909,6
tt1327194,The Lucky One,"['Drama', 'Romance']",6.5,94359,WB,60500000.0,13.14,2012-04-20,6.9,2012,4
tt1333125,Movie 43,['Comedy'],4.3,92980,Rela.,8800000.0,12.812999999999999,2013-01-25,4.4,1332,1
tt1334260,Never Let Me Go,"['Drama', 'Romance', 'Sci-Fi']",7.1,130084,FoxS,2400000.0,10.012,2010-09-15,6.8,1294,9
tt1335975,47 Ronin,"['Action', 'Adventure', 'Drama']",6.3,135754,Uni.,38400000.0,25.049,2013-12-25,6.0,2080,12
tt1341167,Four Lions,"['Comedy', 'Crime', 'Drama']",7.3,66209,Drft.,305000.0,9.968,2010-11-05,7.0,621,11
tt1341188,How Do You Know,"['Comedy', 'Drama', 'Romance']",5.4,41072,Sony,30200000.0,6.752999999999999,2010-12-17,5.1,453,12
tt1343727,Dredd,"['Action', 'Crime', 'Sci-Fi']",7.1,234616,LGF,13400000.0,13.222999999999999,2012-09-21,6.7,2788,9
tt1345836,The Dark Knight Rises,"['Action', 'Thriller']",8.4,1387769,WB,448100000.0,26.22,2012-07-20,7.7,13933,7
tt1349451,Butter,"['Comedy', 'Drama']",6.2,19447,RTWC,105000.0,7.43,2011-09-04,5.8,220,9
tt1351685,Jack the Giant Slayer,"['Adventure', 'Fantasy']",6.3,123127,WB (NL),65200000.0,12.773,2013-03-01,5.6,3403,3
tt1355630,If I Stay,"['Drama', 'Fantasy', 'Music']",6.8,107625,WB (NL),50500000.0,12.047,2014-08-22,7.4,2703,8
tt1355683,Black Mass,"['Biography', 'Crime', 'Drama']",6.9,155847,WB,62600000.0,14.645999999999999,2015-09-18,6.4,2020,9
tt1361313,The Extra Man,['Comedy'],5.9,4580,Magn.,453000.0,5.056,2010-08-01,5.9,46,8
tt1365519,Tomb Raider,"['Action', 'Adventure', 'Fantasy']",6.3,163560,WB,58300000.0,24.968000000000004,2018-03-16,6.3,4310,3
tt1366365,The Cold Light of Day,"['Action', 'Thriller']",4.9,33039,LG/S,3800000.0,8.974,2012-09-06,5.1,463,9
tt1371111,Cloud Atlas,"['Action', 'Drama', 'Mystery']",7.4,326473,WB,27100000.0,14.681,2012-10-26,6.8,4505,10
tt1373156,Karthik Calling Karthik,"['Drama', 'Mystery', 'Thriller']",7.0,9257,Eros,286000.0,2.485,2010-02-26,6.0,40,2
tt1374989,Pride and Prejudice and Zombies,"['Action', 'Comedy', 'Horror']",5.8,46187,SGem,10900000.0,9.086,2016-02-05,5.7,1195,2
tt1375666,Inception,"['Action', 'Adventure', 'Sci-Fi']",8.8,1841066,WB,292600000.0,27.92,2010-07-16,8.3,22186,7
tt1375670,Grown Ups,['Comedy'],6.0,210377,Sony,162000000.0,14.290999999999999,2010-06-24,6.1,3171,6
tt1385826,The Adjustment Bureau,"['Romance', 'Sci-Fi', 'Thriller']",7.1,227616,Uni.,62500000.0,13.717,2011-03-04,6.6,2615,3
tt1385867,Cop Out,"['Action', 'Comedy', 'Crime']",5.6,81656,WB,44900000.0,8.82,2010-02-26,5.4,796,2
tt1386588,The Other Guys,"['Action', 'Comedy', 'Crime']",6.7,221664,Sony,119200000.0,13.508,2010-08-06,6.2,2187,8
tt1386697,Suicide Squad,"['Action', 'Adventure', 'Fantasy']",6.0,533039,WB,325100000.0,16.53,2016-08-05,5.9,13533,8
tt1389096,Stand Up Guys,"['Comedy', 'Crime', 'Thriller']",6.5,50545,LGF,3300000.0,9.311,2013-02-01,6.0,462,2
tt1392170,The Hunger Games,"['Action', 'Adventure', 'Sci-Fi']",7.2,795227,LGF,408000000.0,14.212,2012-03-23,7.1,14587,3
tt1392190,Mad Max: Fury Road,"['Action', 'Adventure', 'Sci-Fi']",8.1,780910,WB,153600000.0,28.099,2015-05-15,7.4,14454,5
tt1396218,Mr. Popper's Penguins,"['Comedy', 'Family', 'Fantasy']",6.0,80540,Fox,68200000.0,8.292,2011-06-17,5.8,1554,6
tt1396484,It,"['Horror', 'Thriller']",7.4,359123,WB (NL),327500000.0,13.966,2017-09-08,7.2,10931,9
tt1397280,Taken 2,"['Action', 'Thriller']",6.3,273106,Fox,139900000.0,16.078,2012-10-04,6.2,4035,10
tt1397514,Journey 2: The Mysterious Island,"['Action', 'Adventure', 'Comedy']",5.8,83507,WB (NL),103900000.0,14.454,2012-02-10,5.9,2152,2
tt1398426,Straight Outta Compton,"['Biography', 'Drama', 'History']",7.9,165307,Uni.,161200000.0,11.731,2015-08-14,7.7,2048,8
tt1399103,Transformers: Dark of the Moon,"['Action', 'Adventure', 'Sci-Fi']",6.2,366409,P/DW,352400000.0,5.3389999999999995,2011-06-28,6.1,4961,6
tt1399683,Winter's Bone,"['Drama', 'Mystery']",7.2,127751,RAtt.,6500000.0,9.824,2010-06-11,6.9,931,6
tt1401152,Unknown,"['Action', 'Mystery', 'Thriller']",6.9,235167,WB,63700000.0,12.08,2011-02-18,6.6,2043,2
tt1403177,Hesher,"['Comedy', 'Crime', 'Drama']",7.0,48483,WHE,383000.0,7.14,2010-01-22,7.0,335,1
tt1403865,True Grit,"['Adventure', 'Drama', 'Western']",7.6,284034,Par.,171200000.0,13.118,2010-12-22,7.2,2816,12
tt1403981,Remember Me,"['Drama', 'Romance']",7.1,129443,Sum.,19100000.0,11.453,2010-03-12,7.1,2079,3
tt1628042,Gone,['Documentary'],6.5,104,LG/S,11700000.0,1.057,2011-06-27,5.1,7,6
tt1407084,Twelve,"['Action', 'Crime', 'Drama']",5.7,11533,Hann.,184000.0,8.46,2010-07-30,5.9,147,7
tt1408101,Star Trek Into Darkness,"['Action', 'Adventure', 'Sci-Fi']",7.7,445535,Par.,228800000.0,20.487,2013-05-16,7.4,6182,5
tt1408253,Ride Along,"['Action', 'Comedy', 'Crime']",6.2,94529,Uni.,134900000.0,10.831,2014-01-17,6.2,1277,1
tt1411238,No Strings Attached,"['Comedy', 'Romance']",6.2,197663,Par.,70700000.0,14.203,2011-01-21,6.2,2612,1
tt1411250,Riddick,"['Action', 'Adventure', 'Sci-Fi']",6.4,144821,Uni.,42000000.0,17.434,2013-09-06,6.2,2852,9
tt1411697,The Hangover Part II,"['Comedy', 'Mystery']",6.5,432800,WB,254500000.0,32.266,2011-05-25,6.4,6231,5
tt1413495,Paranoia,"['Drama', 'Thriller']",5.7,33149,Rela.,7400000.0,0.6,2011-06-07,4.5,2,6
tt1414382,You Again,"['Comedy', 'Family', 'Romance']",5.8,46690,BV,25700000.0,10.208,2010-09-24,6.2,734,9
tt1424381,Predators,"['Action', 'Adventure', 'Sci-Fi']",6.4,199764,Fox,52000000.0,16.215999999999998,2010-07-03,6.1,1979,7
tt1426329,Lovelace,"['Biography', 'Drama']",6.2,35957,RTWC,357000.0,7.242000000000001,2013-08-09,6.0,366,8
tt1430132,The Wolverine,"['Action', 'Adventure', 'Sci-Fi']",6.7,401286,Fox,132600000.0,4.323,2013-07-25,6.3,6176,7
tt1430615,Big Miracle,"['Biography', 'Drama', 'Family']",6.5,17585,Uni.,20200000.0,6.76,2012-02-03,6.6,250,2
tt1431045,Deadpool,"['Action', 'Adventure', 'Comedy']",8.0,820847,Fox,363100000.0,35.067,2016-02-12,7.6,20175,2
tt1433822,The Apparition,"['Horror', 'Thriller']",4.1,18112,WB,4900000.0,7.7139999999999995,2012-08-24,4.3,221,8
tt1434435,Mother's Day,"['Drama', 'Horror', 'Thriller']",6.3,15012,ORF,32500000.0,9.496,2010-09-23,6.4,193,9
tt1439572,Perfect Sense,"['Drama', 'Romance', 'Sci-Fi']",7.1,51188,IFC,3000.0,7.732,2011-01-24,6.8,539,1
tt1440129,Battleship,"['Action', 'Adventure', 'Sci-Fi']",5.8,225342,Uni.,65400000.0,21.741999999999997,2012-05-18,5.6,3240,5
tt1440266,Pina,"['Documentary', 'Music']",7.7,13501,IFC,3500000.0,7.086,2011-12-23,7.4,115,12
tt1440292,Submarine,"['Comedy', 'Drama', 'Romance']",7.3,79810,Wein.,468000.0,7.412000000000001,2011-06-03,7.4,770,6
tt1440345,This Must Be the Place,"['Comedy', 'Drama']",6.7,30457,Wein.,144000.0,8.585,2012-11-02,7.0,589,11
tt1440728,The American,"['Crime', 'Drama', 'Thriller']",6.3,86863,Focus,35600000.0,9.042,2010-09-01,5.8,690,9
tt1441326,Martha Marcy May Marlene,"['Drama', 'Mystery', 'Thriller']",6.9,45873,FoxS,3000000.0,9.477,2011-10-21,6.7,413,10
tt1441951,Quartet,"['Comedy', 'Drama']",6.8,17979,Wein.,18400000.0,8.32,2013-01-10,6.6,209,1
tt1441952,Salmon Fishing in the Yemen,"['Comedy', 'Drama', 'Romance']",6.8,58864,CBS,9000000.0,11.208,2012-03-09,6.4,499,3
tt1446192,Rise of the Guardians,"['Action', 'Adventure', 'Animation']",7.3,145281,P/DW,103400000.0,14.934000000000001,2012-11-21,7.3,3697,11
tt1446714,Prometheus,"['Adventure', 'Mystery', 'Sci-Fi']",7.0,538720,Fox,126500000.0,24.98,2012-06-08,6.4,7384,6
tt1450321,Filth,"['Comedy', 'Crime', 'Drama']",7.1,93591,Magn.,34400.0,9.817,2014-05-30,6.9,956,5
tt1452628,Vanishing on 7th Street,"['Horror', 'Mystery', 'Thriller']",4.9,23912,Magn.,22700.0,7.718999999999999,2011-02-18,5.0,261,2
tt1453405,Monsters University,"['Adventure', 'Animation', 'Comedy']",7.3,291887,BV,268500000.0,20.33,2013-06-21,7.0,6362,6
tt1454029,The Help,['Drama'],8.1,392699,BV,169700000.0,12.597999999999999,2011-08-10,8.1,3944,8
tt1454468,Gravity,"['Drama', 'Sci-Fi', 'Thriller']",7.7,710018,WB,274100000.0,27.836,2013-10-04,7.2,9586,10
tt1455811,Khatta Meetha,"['Comedy', 'Crime', 'Drama']",5.8,8448,Eros,542000.0,4.677,2010-07-23,4.9,21,7
tt1457767,The Conjuring,"['Horror', 'Mystery', 'Thriller']",7.5,397233,WB (NL),137400000.0,18.886,2013-07-19,7.5,5912,7
tt1458175,The Next Three Days,"['Action', 'Crime', 'Drama']",7.4,168066,LGF,21100000.0,11.147,2010-11-19,7.0,1469,11
tt1462054,Letters to God,"['Drama', 'Family']",6.3,4443,Viv.,2800000.0,4.242,2010-04-09,6.9,71,4
tt1462769,The Odd Life of Timothy Green,"['Comedy', 'Drama', 'Family']",6.6,42770,BV,51900000.0,9.216000000000001,2012-08-15,6.7,605,8
tt1464174,"Big Mommas: Like Father, Like Son","['Action', 'Comedy', 'Crime']",4.4,23520,Fox,37900000.0,16.024,2011-02-18,5.5,623,2
tt1464540,I Am Number Four,"['Action', 'Adventure', 'Sci-Fi']",6.1,217762,BV,55100000.0,11.555,2011-02-18,6.0,2805,2
tt1464580,Stake Land,"['Drama', 'Horror', 'Sci-Fi']",6.5,38749,IFC,33200.0,8.799,2010-10-01,6.2,415,10
tt1470023,MacGruber,"['Action', 'Comedy', 'Romance']",5.5,39782,Uni.,8500000.0,7.666,2010-05-21,5.3,270,5
tt1470827,Monsters,"['Drama', 'Sci-Fi', 'Thriller']",6.4,84332,Magn.,237000.0,10.175,2010-10-29,6.2,848,10
tt1478338,Bridesmaids,"['Comedy', 'Romance']",6.8,249501,Uni.,169100000.0,9.805,2011-05-13,6.5,2783,5
tt1480656,Cosmopolis,"['Drama', 'Fantasy']",5.0,41897,EOne,764000.0,7.702000000000001,2012-08-17,5.4,546,8
tt1483013,Oblivion,"['Action', 'Adventure', 'Sci-Fi']",7.0,453966,Uni.,89100000.0,18.534000000000002,2013-04-18,6.5,6850,4
tt1486192,The Raven,"['Crime', 'Mystery', 'Thriller']",6.4,79578,Rela.,16000000.0,0.6,2010-04-20,5.9,5,4
tt1486193,5 Days of War,"['Action', 'Drama', 'War']",5.6,13089,Anch.,17500.0,8.689,2011-08-18,5.7,102,8
tt1487118,Chalet Girl,"['Comedy', 'Romance', 'Sport']",6.3,22352,IFC,1700.0,6.037000000000001,2011-02-02,6.3,371,2
tt1488555,The Change-Up,"['Comedy', 'Fantasy']",6.3,155374,Uni.,37100000.0,12.122,2011-08-05,6.0,1406,8
tt1489889,Central Intelligence,"['Action', 'Comedy', 'Crime']",6.3,138872,WB (NL),127400000.0,14.478,2016-06-17,6.3,3133,6
tt1496422,The Paperboy,"['Crime', 'Drama', 'Mystery']",5.8,33940,MNE,693000.0,8.142999999999999,2012-10-05,5.5,409,10
tt1499201,Anjaana Anjaani,"['Comedy', 'Drama', 'Musical']",5.8,5533,Eros,855000.0,4.265,2010-10-01,6.1,47,10
tt1499658,Horrible Bosses,"['Comedy', 'Crime']",6.9,398695,WB (NL),117500000.0,14.058,2011-07-08,6.5,3842,7
tt1502404,Drive Angry,"['Action', 'Fantasy', 'Thriller']",5.4,90203,Sum.,10700000.0,14.095999999999998,2011-02-24,5.3,959,2
tt1502712,Fantastic Four,"['Action', 'Adventure', 'Drama']",4.3,140148,Fox,56100000.0,16.36,2015-08-07,4.4,3837,8
tt1504320,The King's Speech,"['Biography', 'Drama', 'History']",8.0,593629,Wein.,135500000.0,16.798,2010-09-06,7.7,5013,9
tt1506999,Haywire,"['Action', 'Drama', 'Thriller']",5.8,78681,Rela.,18900000.0,10.015,2011-11-06,5.6,747,11
tt1512235,Super,"['Action', 'Comedy', 'Drama']",6.8,70604,IFC,328000.0,11.36,2011-03-31,6.6,726,3
tt1515091,Sherlock Holmes: A Game of Shadows,"['Action', 'Adventure', 'Crime']",7.5,394189,WB,186800000.0,18.301,2011-12-16,7.1,6380,12
tt1521197,Anonymous,"['Drama', 'Thriller']",6.9,37932,Sony,4500000.0,8.113999999999999,2011-10-28,6.4,434,10
tt1523483,Kaboom,"['Comedy', 'Mystery', 'Romance']",5.7,11858,IFC,119000.0,6.0520000000000005,2010-10-06,5.7,175,10
tt1528071,Horns,"['Crime', 'Drama', 'Fantasy']",6.5,70040,RTWC,174000.0,9.615,2014-10-03,6.3,1382,10
tt1528100,Exodus: Gods and Kings,"['Action', 'Adventure', 'Drama']",6.0,150858,Fox,65000000.0,26.789,2014-12-12,5.7,2909,12
tt1530983,Red Hill,"['Thriller', 'Western']",6.4,7874,Strand,21100.0,6.269,2010-11-05,6.1,79,11
tt1532503,Beginners,"['Comedy', 'Drama', 'Romance']",7.2,83770,Focus,5800000.0,10.322000000000001,2011-06-17,6.9,532,6
tt1535108,Elysium,"['Action', 'Drama', 'Sci-Fi']",6.6,395572,TriS,93100000.0,17.663,2013-08-09,6.4,5406,8
tt1535109,Captain Phillips,"['Biography', 'Drama', 'Thriller']",7.8,387402,Sony,107100000.0,15.482999999999999,2013-10-11,7.6,3909,10
tt1535438,Hope Springs,"['Comedy', 'Drama', 'Romance']",6.3,38667,Sony,63500000.0,8.312999999999999,2012-08-07,6.1,429,8
tt1535612,The Son of No One,"['Action', 'Crime', 'Drama']",5.1,15743,Anch.,30700.0,7.586,2011-11-04,5.1,156,11
tt1535970,The Ledge,"['Drama', 'Romance', 'Thriller']",6.5,17757,IFC,9200.0,8.16,2011-07-08,6.1,185,7
tt1536044,Paranormal Activity 2,['Horror'],5.7,93122,Par.,84800000.0,8.163,2010-10-21,5.7,1342,10
tt1540128,Playing for Keeps,"['Comedy', 'Romance', 'Sport']",5.7,27389,FD,13100000.0,7.778,2012-12-07,5.6,420,12
tt1542344,127 Hours,"['Adventure', 'Biography', 'Drama']",7.6,323949,FoxS,18300000.0,11.435,2010-11-05,7.0,4469,11
tt1545759,Point Blank,"['Action', 'Crime', 'Drama']",6.8,12706,Magn.,708000.0,6.021,2011-07-29,6.6,230,7
tt1549572,Another Earth,"['Drama', 'Romance', 'Sci-Fi']",7.0,85839,FoxS,1300000.0,10.03,2011-07-22,6.7,853,7
tt1560747,The Master,['Drama'],7.1,131365,Wein.,16399999.0,12.829,2012-09-14,7.1,1323,9
tt1560985,The Devil Inside,['Horror'],4.2,33522,Par.,53300000.0,7.403,2012-01-06,4.7,441,1
tt1568338,Man on a Ledge,"['Action', 'Adventure', 'Crime']",6.6,137507,LG/S,18600000.0,11.263,2012-01-27,6.3,1460,1
tt1568346,The Girl with the Dragon Tattoo,"['Crime', 'Drama', 'Mystery']",7.8,387580,MBox,10100000.0,17.823,2011-12-14,7.3,3971,12
tt1570728,"Crazy, Stupid, Love.","['Comedy', 'Drama', 'Romance']",7.4,436830,WB,84400000.0,13.277000000000001,2011-07-29,7.2,4585,7
tt1570989,Tiny Furniture,"['Comedy', 'Drama', 'Romance']",6.2,13397,IFC,392000.0,6.695,2010-11-12,5.9,82,11
tt1571222,A Dangerous Method,"['Biography', 'Drama', 'Romance']",6.4,93259,SPC,5700000.0,10.352,2011-11-23,6.3,1066,11
tt1576702,Skin Trade,['Documentary'],8.8,31,Magn.,1200.0,9.362,2014-11-07,5.6,96,11
tt1578275,The Dilemma,"['Comedy', 'Drama']",5.3,48148,Uni.,48500000.0,9.517999999999999,2011-01-13,5.3,448,1
tt1582271,The Good Doctor,"['Drama', 'Thriller']",5.5,6006,Magn.,5200.0,6.992999999999999,2011-04-23,5.5,90,4
tt1583421,G.I. Joe: Retaliation,"['Action', 'Adventure', 'Sci-Fi']",5.8,165536,Par.,122500000.0,15.065,2013-03-29,5.5,3883,3
tt1586752,Machine Gun Preacher,"['Action', 'Biography', 'Crime']",6.8,60074,Rela.,539000.0,9.12,2011-09-23,6.5,477,9
tt1587310,Maleficent,"['Action', 'Adventure', 'Family']",7.0,305832,BV,241400000.0,19.274,2014-05-30,7.0,8143,5
tt1588173,Warm Bodies,"['Comedy', 'Horror', 'Romance']",6.9,208709,LG/S,66400000.0,13.259,2013-02-01,6.3,4109,2
tt1588334,"Jeff, Who Lives at Home","['Comedy', 'Drama']",6.5,60070,ParV,4300000.0,8.821,2011-09-13,6.2,320,9
tt1591095,Insidious,"['Horror', 'Mystery', 'Thriller']",6.9,254197,FD,54000000.0,16.197,2011-04-01,6.9,3582,4
tt1591479,Act of Valor,"['Action', 'Adventure', 'Drama']",6.5,63787,Rela.,70000000.0,12.197000000000001,2012-02-24,6.3,583,2
tt1592525,Lockout,"['Action', 'Sci-Fi', 'Thriller']",6.1,89554,FD,14300000.0,11.273,2012-04-13,5.9,1004,4
tt1594562,The Innkeepers,"['Drama', 'Horror', 'Mystery']",5.5,31089,Magn.,78400.0,8.494,2011-12-30,5.5,324,12
tt1596343,Fast Five,"['Action', 'Crime', 'Thriller']",7.3,329892,Uni.,209800000.0,2.097,2011-04-28,7.2,4294,4
tt1596346,Soul Surfer,"['Biography', 'Drama', 'Family']",7.1,41659,TriS,43900000.0,8.459,2011-04-08,7.0,688,4
tt1596350,This Means War,"['Action', 'Comedy', 'Romance']",6.3,167438,Fox,54800000.0,12.017000000000001,2012-02-17,6.0,2096,2
tt1596365,The Woman in Black,"['Drama', 'Fantasy', 'Horror']",6.4,165357,CBS,54300000.0,12.780999999999999,2012-02-03,6.1,2122,2
tt1598778,Contagion,"['Action', 'Drama', 'Thriller']",6.6,201536,WB,75700000.0,10.444,2011-09-09,6.3,2128,9
tt1598822,New Year's Eve,"['Comedy', 'Romance']",5.7,76656,WB (NL),54500000.0,11.138,2011-12-09,5.8,1301,12
tt1600195,Abduction,"['Action', 'Mystery', 'Thriller']",5.1,72552,LGF,28100000.0,17.69,2011-09-23,5.8,1791,9
tt1601913,The Grey,"['Action', 'Adventure', 'Drama']",6.8,228798,ORF,51600000.0,12.942,2012-01-27,6.5,2280,1
tt1602613,Only God Forgives,"['Crime', 'Drama']",5.7,100318,RTWC,779000.0,10.196,2013-07-19,5.8,1396,7
tt1605630,American Reunion,['Comedy'],6.7,192250,Uni.,57000000.0,17.199,2012-04-06,6.2,2679,4
tt1605717,Frank,"['Comedy', 'Drama', 'Music']",7.0,70130,Magn.,645000.0,7.093999999999999,2014-08-15,6.9,989,8
tt1606392,Win Win,"['Comedy', 'Drama', 'Sport']",7.2,51618,FoxS,10200000.0,9.015,2011-03-18,6.9,266,3
tt1609479,Better Living Through Chemistry,"['Comedy', 'Drama']",6.3,13388,Gold.,75100.0,7.393,2014-03-14,6.0,141,3
tt1611224,Abraham Lincoln: Vampire Hunter,"['Action', 'Fantasy', 'Horror']",5.9,142853,Fox,37500000.0,12.498,2012-06-22,5.6,2009,6
tt1615147,Margin Call,"['Drama', 'Thriller']",7.1,107264,RAtt.,5400000.0,9.498,2011-10-21,6.8,856,10
tt1615160,The Foreigner,"['Action', 'Thriller']",7.0,81288,STX,34400000.0,14.616,2017-10-13,6.7,1086,10
tt1618430,Dum Maaro Dum,"['Action', 'Crime', 'Drama']",6.2,3616,FoxS,564000.0,1.4909999999999999,2011-04-22,5.4,16,4
tt1618442,The Last Witch Hunter,"['Action', 'Adventure', 'Fantasy']",6.0,86118,LG/S,27400000.0,16.685,2015-10-23,5.8,2193,10
tt1619029,Jackie,"['Biography', 'Drama', 'History']",6.7,66008,FoxS,14000000.0,8.818999999999999,2016-12-02,6.4,1420,12
tt1620604,We Are What We Are,"['Drama', 'Horror']",5.7,4276,EOne,81400.0,2.889,2011-02-18,5.8,38,2
tt1622979,Final Destination 5,['Horror'],5.9,98061,WB (NL),42600000.0,13.392000000000001,2011-08-12,6.0,1701,8
tt1623288,ParaNorman,"['Adventure', 'Animation', 'Comedy']",7.0,87250,Focus,56000000.0,13.32,2012-08-17,6.8,1358,8
tt1625346,Young Adult,"['Comedy', 'Drama']",6.3,74071,Par.,16300000.0,8.335,2011-12-16,5.7,603,12
tt1629705,Blackthorn,"['Action', 'Adventure', 'Western']",6.6,8553,Magn.,201000.0,7.547999999999999,2011-10-07,6.7,111,10
tt1630036,Courageous,['Drama'],7.0,17586,TriS,34500000.0,7.406000000000001,2011-09-30,7.0,128,9
tt1632705,Creed,['Horror'],6.6,12,WB (NL),109800000.0,16.355999999999998,2015-11-25,7.3,4010,11
tt1632708,Friends with Benefits,"['Comedy', 'Romance']",6.6,317338,SGem,55800000.0,14.019,2011-07-21,6.6,4637,7
tt1634122,Johnny English Reborn,"['Action', 'Adventure', 'Comedy']",6.3,110824,Uni.,8300000.0,15.542,2011-10-21,6.1,1810,10
tt1637725,Ted,"['Comedy', 'Fantasy']",6.9,538367,Uni.,218800000.0,14.475,2012-06-29,6.3,7727,6
tt1638002,"Love, Rosie","['Comedy', 'Romance']",7.2,104983,TFA,20400.0,11.338,2014-12-06,7.8,3594,12
tt1640486,Inside Out,"['Crime', 'Drama']",4.6,1566,BV,356500000.0,4.758,2011-09-27,4.4,18,9
tt1640548,Rampart,"['Crime', 'Drama']",5.8,22094,MNE,973000.0,9.413,2011-11-23,5.5,189,11
tt1646971,How to Train Your Dragon 2,"['Action', 'Adventure', 'Animation']",7.8,278205,Fox,177000000.0,27.105999999999998,2014-06-13,7.7,5589,6
tt1646980,The Double,"['Action', 'Crime', 'Drama']",5.9,26994,Imag.,138000.0,9.531,2011-10-28,5.9,341,10
tt1646987,Wrath of the Titans,"['Action', 'Adventure', 'Fantasy']",5.7,172330,WB,83700000.0,14.991,2012-03-29,5.6,2442,3
tt1648179,Here Comes the Boom,"['Action', 'Comedy', 'Sport']",6.4,81761,Sony,45300000.0,10.265,2012-10-12,6.0,812,10
tt1650062,Super 8,"['Mystery', 'Sci-Fi', 'Thriller']",7.0,320575,Par.,127000000.0,14.39,2011-06-09,6.7,3934,6
tt1655442,The Artist,"['Comedy', 'Drama', 'Romance']",7.9,217184,Wein.,44700000.0,10.155,2011-10-14,7.4,1787,10
tt1657507,Colombiana,"['Action', 'Drama', 'Thriller']",6.4,87659,TriS,36700000.0,10.584000000000001,2011-08-26,6.5,1371,8
tt1659337,The Perks of Being a Wallflower,['Drama'],8.0,422671,LG/S,17700000.0,15.148,2012-09-21,7.8,5938,9
tt1659343,Universal Soldier: Day of Reckoning,"['Action', 'Horror', 'Mystery']",5.1,18206,Magn.,5500.0,8.257,2012-11-30,5.3,192,11
tt1661382,Grudge Match,"['Comedy', 'Drama', 'Sport']",6.4,54080,WB,29800000.0,7.917999999999999,2013-12-25,6.0,711,12
tt1663143,Fun Size,"['Adventure', 'Comedy']",5.4,12926,Par.,9400000.0,7.072,2012-10-26,5.5,249,10
tt1663202,The Revenant,"['Action', 'Adventure', 'Biography']",8.0,621193,Fox,183600000.0,19.41,2015-12-25,7.4,11064,12
tt1663662,Pacific Rim,"['Action', 'Adventure', 'Sci-Fi']",6.9,443667,WB,101800000.0,16.759,2013-07-12,6.8,7632,7
tt1664775,Pixels,"['Action', 'Comedy']",4.6,54,Sony,78700000.0,2.1719999999999997,2010-04-01,7.1,35,4
tt1667353,Mirror Mirror,"['Adventure', 'Comedy', 'Drama']",5.6,79510,Rela.,64900000.0,13.220999999999998,2012-03-30,5.8,2099,3
tt1667889,Ice Age: Continental Drift,"['Adventure', 'Animation', 'Comedy']",6.6,175601,Fox,161300000.0,17.537,2012-07-13,6.3,4598,7
tt1670345,Now You See Me,"['Crime', 'Mystery', 'Thriller']",7.3,553156,LG/S,117700000.0,16.646,2013-05-31,7.4,9871,5
tt1678051,Soldiers of Fortune,"['Action', 'Thriller']",4.3,6765,RAtt.,38900.0,6.961,2012-08-03,4.6,70,8
tt1680045,360,"['Drama', 'Thriller']",6.2,15096,Magn.,100000.0,7.276,2012-08-03,5.8,144,8
tt1686821,Vampire Academy,"['Action', 'Comedy', 'Drama']",5.5,49328,Wein.,7800000.0,10.934000000000001,2014-02-07,5.9,1012,2
tt1690953,Despicable Me 2,"['Adventure', 'Animation', 'Comedy']",7.4,344230,Uni.,368100000.0,19.014,2013-07-03,6.9,7319,7
tt1700841,Sausage Party,"['Adventure', 'Animation', 'Comedy']",6.2,159111,Sony,97700000.0,15.232000000000001,2016-08-12,5.6,4237,8
tt1702439,Safe Haven,"['Drama', 'Romance', 'Thriller']",6.7,97055,Rela.,71300000.0,9.095,2013-02-14,7.1,1433,2
tt1704573,Bernie,"['Biography', 'Comedy', 'Crime']",6.8,53765,MNE,9200000.0,7.518,2012-04-27,6.6,503,4
tt1706598,Every Secret Thing,"['Crime', 'Drama', 'Mystery']",6.1,6294,SM,104000.0,6.037999999999999,2014-04-20,5.8,132,4
tt1706620,Snowpiercer,"['Action', 'Drama', 'Sci-Fi']",7.1,239264,RTWC,4600000.0,14.735,2014-06-27,6.8,4748,6
tt1707392,Lovely Molly,"['Drama', 'Horror']",5.3,8821,Imag.,18500.0,6.364,2012-05-18,5.1,125,5
tt1710396,Joyful Noise,"['Comedy', 'Drama', 'Music']",5.8,7575,WB,30900000.0,6.787000000000001,2012-01-13,6.4,70,1
tt1712159,11-11-11,"['Horror', 'Mystery', 'Thriller']",4.0,11712,Rocket,32800.0,5.196000000000001,2011-11-11,4.3,116,11
tt1714203,Piranha 3DD,"['Comedy', 'Horror']",3.7,37088,W/Dim.,377000.0,11.544,2012-06-01,4.2,509,6
tt1714209,In the Land of Blood and Honey,"['Drama', 'Romance', 'War']",4.4,32776,FD,304000.0,5.099,2011-12-23,6.1,83,12
tt1716772,The Inbetweeners Movie,['Comedy'],6.8,73217,WHE,36000.0,8.706,2011-08-20,6.2,517,8
tt1716777,People Like Us,"['Comedy', 'Drama']",7.1,39618,BV,12400000.0,9.078,2012-06-29,6.8,360,6
tt1720616,Friends with Kids,"['Comedy', 'Drama', 'Romance']",6.1,39339,RAtt.,7300000.0,8.362,2012-03-09,5.8,260,3
tt1723121,We're the Millers,"['Comedy', 'Crime']",7.0,371759,WB (NL),150400000.0,14.745999999999999,2013-08-07,6.8,5231,8
tt1723811,Shame,['Drama'],7.2,171353,FoxS,3900000.0,13.152000000000001,2011-12-02,7.0,1607,12
tt1726669,Killer Joe,"['Crime', 'Drama', 'Thriller']",6.7,67842,LD,2000000.0,13.742,2012-07-27,6.5,703,7
tt1727770,Absolutely Anything,"['Comedy', 'Sci-Fi']",6.0,34859,ADC,20200.0,7.7860000000000005,2015-09-04,5.7,688,9
tt1731141,Ender's Game,"['Action', 'Adventure', 'Fantasy']",6.6,211722,LG/S,61700000.0,15.533,2013-11-01,6.6,3558,11
tt1731701,Barely Lethal,"['Action', 'Adventure', 'Comedy']",5.4,17473,A24,6100.0,9.786,2015-04-30,5.6,591,4
tt1735898,Snow White and the Huntsman,"['Action', 'Adventure', 'Drama']",6.1,258938,Uni.,155300000.0,21.233,2012-06-01,5.9,5258,6
tt1740710,Mere Brother Ki Dulhan,"['Comedy', 'Family', 'Romance']",5.9,8285,Yash,496000.0,5.043,2011-09-09,6.3,33,9
tt1742044,Jersey Boys,"['Biography', 'Drama', 'Music']",6.8,30410,WB,47000000.0,6.933,2014-06-20,6.9,380,6
tt1748122,Moonrise Kingdom,"['Adventure', 'Comedy', 'Drama']",7.8,291750,Focus,45500000.0,14.085999999999999,2012-05-25,7.7,3023,5
tt1748207,Sound of My Voice,"['Drama', 'Mystery', 'Sci-Fi']",6.6,19387,FoxS,408000.0,7.212000000000001,2011-01-22,6.4,169,1
tt1758692,Like Crazy,"['Drama', 'Romance']",6.7,55841,ParV,3400000.0,10.091000000000001,2011-10-28,6.5,638,10
tt1758830,This Is 40,"['Comedy', 'Romance']",6.2,118862,Uni.,67500000.0,8.132,2012-12-21,5.7,1296,12
tt1763264,No One Lives,"['Horror', 'Thriller']",6.0,16680,Anch.,74900.0,8.981,2013-05-10,5.7,250,5
tt1763303,The First Time,"['Comedy', 'Drama', 'Romance']",6.9,62589,Gold.,22800.0,11.25,2012-10-19,7.0,1426,10
tt1764234,Killing Them Softly,"['Crime', 'Thriller']",6.2,124086,Wein.,15000000.0,11.298,2012-11-30,6.0,1105,11
tt1764651,The Expendables 2,"['Action', 'Adventure', 'Thriller']",6.6,277584,LGF,85000000.0,17.215999999999998,2012-08-17,6.2,4219,8
tt1772317,Nerve,"['Comedy', 'Drama']",6.8,88,LGF,38600000.0,0.6,2011-12-07,10.0,1,12
tt1772341,Wreck-It Ralph,"['Adventure', 'Animation', 'Comedy']",7.7,344496,BV,189400000.0,22.967,2012-11-02,7.3,7780,11
tt1778304,Paranormal Activity 3,"['Horror', 'Mystery', 'Thriller']",5.8,85689,Par.,104000000.0,9.669,2011-10-21,5.9,1197,10
tt1780798,Clown,"['Drama', 'Fantasy', 'Horror']",5.7,19624,W/Dim.,55000.0,7.223,2016-06-17,5.3,682,6
tt1781827,Hands of Stone,"['Action', 'Biography', 'Drama']",6.6,12851,Wein.,4700000.0,8.17,2016-08-26,6.1,167,8
tt1787988,Talaash,"['Crime', 'Drama', 'Mystery']",7.3,36306,Relbig.,2900000.0,7.653,2012-11-30,6.8,94,11
tt1788391,Kill List,"['Crime', 'Drama', 'Horror']",6.4,32807,IFC,29100.0,7.0360000000000005,2012-01-04,6.1,332,1
tt1790864,The Maze Runner,"['Action', 'Mystery', 'Sci-Fi']",6.8,387038,Fox,102400000.0,36.955,2014-09-19,7.1,10626,9
tt1790885,Zero Dark Thirty,"['Drama', 'Thriller']",7.4,251072,Sony,95700000.0,14.239,2012-12-19,6.9,2553,12
tt1790886,The Campaign,['Comedy'],6.1,118678,WB,86900000.0,10.265999999999998,2012-08-10,5.7,982,8
tt1791528,Inherent Vice,"['Comedy', 'Crime', 'Drama']",6.7,83346,WB,8100000.0,14.244000000000002,2015-01-09,6.6,1359,1
tt1798684,Southpaw,"['Drama', 'Sport']",7.4,199783,Wein.,52400000.0,25.305,2015-07-24,7.4,3424,7
tt1800241,American Hustle,"['Crime', 'Drama']",7.2,418221,Sony,150100000.0,12.481,2013-12-12,6.8,4443,12
tt1800246,That Awkward Moment,"['Comedy', 'Romance']",6.2,92148,Focus,26100000.0,8.649,2014-01-31,6.1,1759,1
tt1805319,Mama,['Drama'],4.5,6,Uni.,71600000.0,11.982999999999999,2013-01-18,6.1,2421,1
tt1814621,Admission,"['Comedy', 'Drama', 'Romance']",5.7,31849,Focus,18000000.0,8.065,2013-03-22,5.5,385,3
tt1821658,The Nut Job,"['Adventure', 'Animation', 'Comedy']",5.7,24587,ORF,64300000.0,10.501,2014-01-17,5.6,529,1
tt1823672,Chappie,"['Action', 'Crime', 'Drama']",6.8,213733,Sony,31600000.0,24.52,2015-03-06,6.7,4995,3
tt1828325,The Gambler,['Drama'],7.0,10,Par.,33700000.0,8.807,2014-12-25,5.8,783,12
tt1839654,The Magic of Belle Isle,"['Comedy', 'Drama']",7.0,16244,Magn.,102000.0,8.027000000000001,2012-07-06,7.1,187,7
tt1840309,Divergent,"['Action', 'Adventure', 'Mystery']",6.7,399703,LG/S,150900000.0,16.982,2014-03-21,6.9,8279,3
tt1840960,Three,"['Drama', 'Thriller']",6.7,6,WGUSA,120000.0,4.407,2011-09-16,6.5,44,9
tt1843866,Captain America: The Winter Soldier,"['Action', 'Adventure', 'Sci-Fi']",7.8,666252,BV,259800000.0,18.073,2014-04-04,7.7,11034,4
tt1850397,The Loft,"['Mystery', 'Romance', 'Thriller']",6.3,46961,ORF,6000000.0,15.995,2015-01-30,6.4,755,1
tt1850457,Sisters,['Comedy'],6.0,58994,Uni.,87000000.0,10.993,2015-12-18,5.9,922,12
tt1853728,Django Unchained,"['Drama', 'Western']",8.4,1211405,Wein.,162800000.0,21.26,2012-12-25,8.0,15725,12
tt1853739,You're Next,"['Action', 'Comedy', 'Horror']",6.6,79451,LGF,18500000.0,11.45,2013-08-23,6.6,1258,8
tt1854513,Blancanieves,"['Drama', 'Fantasy']",7.6,9746,Cohen,280000.0,5.935,2012-10-11,7.3,122,10
tt1855325,Resident Evil: Retribution,"['Action', 'Horror', 'Sci-Fi']",5.4,125191,SGem,42300000.0,1.325,2012-09-14,5.7,2321,9
tt1859650,To Rome with Love,"['Comedy', 'Music', 'Romance']",6.3,79381,SPC,16700000.0,9.562999999999999,2012-06-22,5.7,1097,6
tt1860353,Turbo,"['Adventure', 'Animation', 'Comedy']",6.4,74639,Fox,83000000.0,14.876,2013-07-19,6.1,1758,7
tt1862079,Safety Not Guaranteed,"['Comedy', 'Drama', 'Romance']",7.0,111907,FD,4000000.0,9.214,2012-06-08,6.9,792,6
tt1872181,The Amazing Spider-Man 2,"['Action', 'Adventure', 'Sci-Fi']",6.6,388363,Sony,202900000.0,20.846999999999998,2014-05-02,6.4,7220,5
tt1877832,X-Men: Days of Future Past,"['Action', 'Adventure', 'Sci-Fi']",8.0,620079,Fox,233900000.0,41.867,2014-05-23,7.5,10062,5
tt1878841,The Darkness,"['Horror', 'Thriller']",4.4,12435,BH Tilt,10800000.0,8.357000000000001,2016-05-13,4.8,347,5
tt1881002,Maggie,"['Drama', 'Horror']",5.6,38671,RAtt.,187000.0,13.0,2015-05-08,5.3,958,5
tt1907668,Flight,"['Drama', 'Thriller']",7.3,303009,Par.,93800000.0,11.692,2012-11-02,6.7,3582,11
tt1911658,Penguins of Madagascar,"['Adventure', 'Animation', 'Comedy']",6.7,72551,Fox,83400000.0,20.899,2014-11-26,6.4,2273,11
tt1912398,God Bless America,"['Adventure', 'Comedy', 'Crime']",7.2,65913,Magn.,123000.0,9.152999999999999,2012-05-11,7.1,532,5
tt1924394,The Angels' Share,"['Comedy', 'Crime', 'Drama']",7.0,21686,IFC,347000.0,6.315,2012-06-27,7.1,243,6
tt1924435,Let's Be Cops,"['Comedy', 'Crime']",6.4,121633,Fox,82400000.0,18.395,2014-08-13,6.3,1693,8
tt1931435,The Big Wedding,"['Comedy', 'Drama', 'Romance']",5.6,44221,LGF,21800000.0,11.231,2013-04-25,5.8,678,4
tt1935859,Miss Peregrine's Home for Peculiar Children,"['Adventure', 'Drama', 'Fantasy']",6.7,140619,Fox,87200000.0,19.132,2016-09-30,6.7,6211,9
tt1945037,Begin Again,"['Drama', 'Family']",7.0,57,Wein.,16200000.0,10.828,2014-07-11,7.2,2089,7
tt1951216,The Look of Love,"['Biography', 'Comedy', 'Drama']",6.0,6263,IFC,21300.0,5.69,2013-07-07,5.5,57,7
tt1951261,The Hangover Part III,"['Adventure', 'Comedy', 'Crime']",5.8,270695,WB,112200000.0,18.519000000000002,2013-05-23,6.1,5130,5
tt1951264,The Hunger Games: Catching Fire,"['Action', 'Adventure', 'Sci-Fi']",7.5,575455,LGF,424700000.0,20.187,2013-11-22,7.4,11170,11
tt1951265,The Hunger Games: Mockingjay - Part 1,"['Action', 'Adventure', 'Sci-Fi']",6.6,379050,LGF,337100000.0,33.836999999999996,2014-11-21,6.8,10087,11
tt1951266,The Hunger Games: Mockingjay - Part 2,"['Action', 'Adventure', 'Sci-Fi']",6.6,252384,LGF,281700000.0,19.487000000000002,2015-11-18,6.8,7609,11
tt1956620,Sex Tape,"['Comedy', 'Romance']",5.1,100520,Sony,38500000.0,20.429000000000002,2014-07-18,5.3,2684,7
tt1964418,Tomorrowland,"['Action', 'Adventure', 'Family']",6.4,161343,BV,93400000.0,20.136,2015-05-22,6.2,4610,5
tt1971352,Compliance,"['Biography', 'Crime', 'Drama']",6.4,28703,Magn.,319000.0,6.93,2012-08-24,6.4,340,8
tt1972591,King Arthur: Legend of the Sword,"['Action', 'Adventure', 'Drama']",6.8,169054,WB,39200000.0,21.793000000000003,2017-05-12,6.5,3305,5
tt1976000,The Two Faces of January,"['Romance', 'Thriller']",6.2,27542,Magn.,507000.0,7.54,2014-08-08,5.8,396,8
tt1979388,The Good Dinosaur,"['Adventure', 'Animation', 'Comedy']",6.7,91465,BV,123100000.0,17.675,2015-11-25,6.7,3135,11
tt1981115,Thor: The Dark World,"['Action', 'Adventure', 'Fantasy']",6.9,540996,BV,206400000.0,31.014,2013-11-08,6.7,10171,11
tt1985966,Cloudy with a Chance of Meatballs 2,"['Adventure', 'Animation', 'Comedy']",6.4,81010,Sony,119800000.0,18.335,2013-09-27,6.4,1679,9
tt1986953,Storage 24,"['Action', 'Horror', 'Mystery']",4.4,6229,Magn.,100.0,6.441,2013-01-11,4.4,66,1
tt1991245,Chernobyl Diaries,"['Horror', 'Mystery', 'Thriller']",5.0,60304,WB,18100000.0,14.658,2012-05-25,5.0,842,5
tt1996310,Lore,"['Drama', 'History', 'Romance']",7.1,13386,MBox,970000.0,6.129,2013-02-08,6.9,141,2
tt2002718,Machete Kills,"['Action', 'Crime', 'Sci-Fi']",5.6,69968,ORF,8000000.0,10.36,2013-10-11,5.5,1079,10
tt2004420,Neighbors,['Comedy'],6.3,266020,Uni.,150200000.0,14.979000000000001,2014-05-09,6.2,4536,5
tt2005151,War Dogs,"['Comedy', 'Crime', 'Drama']",7.1,154029,WB,43000000.0,10.654000000000002,2016-08-19,6.8,2387,8
tt2015381,Guardians of the Galaxy,"['Action', 'Adventure', 'Comedy']",8.1,948394,BV,333200000.0,49.606,2014-08-01,7.9,17958,8
tt2017038,All Is Lost,"['Action', 'Adventure', 'Drama']",6.9,70888,RAtt.,6300000.0,9.869,2013-10-18,6.6,949,10
tt2023453,Diary of a Wimpy Kid: Dog Days,"['Comedy', 'Family']",6.3,19571,Fox,49000000.0,11.36,2012-08-03,6.2,440,8
tt2023690,Sightseers,"['Adventure', 'Comedy', 'Crime']",6.5,24837,IFC,61800.0,6.702999999999999,2013-05-10,6.4,261,5
tt2024432,Identity Thief,"['Adventure', 'Comedy', 'Crime']",5.7,115624,Uni.,134500000.0,13.552999999999999,2013-02-09,5.8,2230,2
tt2024544,12 Years a Slave,"['Biography', 'Drama', 'History']",8.1,577301,FoxS,56700000.0,16.493,2013-10-30,7.9,6631,10
tt2025690,The Finest Hours,"['Action', 'Drama', 'History']",6.8,55981,BV,27600000.0,12.673,2016-01-29,6.4,943,1
tt2034139,The Last Exorcism Part II,"['Drama', 'Horror', 'Thriller']",4.0,15124,CBS,15200000.0,7.561,2013-03-01,4.5,297,3
tt2042568,Inside Llewyn Davis,"['Drama', 'Music']",7.5,123759,CBS,13200000.0,10.549000000000001,2013-12-06,7.2,1400,12
tt2043933,Night Moves,"['Action', 'Drama', 'Thriller']",6.0,12621,Cdgm.,272000.0,9.533999999999999,2014-05-20,5.7,160,5
tt2057392,Eye in the Sky,"['Drama', 'Thriller', 'War']",7.3,72301,BST,18700000.0,10.219,2016-03-11,7.1,850,3
tt2058107,The Railway Man,"['Biography', 'Drama', 'Romance']",7.1,34586,Wein.,4400000.0,9.582,2014-04-11,6.9,408,4
tt2070776,Populaire,"['Comedy', 'Romance', 'Sport']",6.9,10746,Wein.,179000.0,7.281000000000001,2013-09-06,6.6,322,9
tt2076220,Holy Motors,"['Drama', 'Fantasy']",7.1,36874,IM,641000.0,5.31,2012-10-17,7.0,431,10
tt2083355,The Best Man Holiday,"['Comedy', 'Drama']",6.7,13967,Uni.,70500000.0,8.581,2013-11-15,6.6,145,11
tt2084970,The Imitation Game,"['Biography', 'Drama', 'Thriller']",8.0,620834,Wein.,91100000.0,33.078,2014-12-19,8.1,10396,12
tt2088003,Big Game,"['Action', 'Adventure', 'Crime']",5.4,28615,EC,24600.0,9.462,2015-06-26,5.4,648,6
tt2094766,Assassin's Creed,"['Action', 'Adventure', 'Sci-Fi']",5.8,167110,Fox,54600000.0,14.050999999999998,2016-12-21,5.4,5010,12
tt2096672,Dumb and Dumber To,"['Adventure', 'Comedy']",5.6,118646,Uni.,86200000.0,15.964,2014-11-14,5.5,1842,11
tt2097331,The Family Fang,"['Comedy', 'Drama', 'Mystery']",6.1,6964,SM,263000.0,6.803,2016-04-29,5.8,172,4
tt2101441,Spring Breakers,"['Comedy', 'Crime', 'Drama']",5.3,126504,A24,14100000.0,10.690999999999999,2013-03-15,5.0,2495,3
tt2103281,Dawn of the Planet of the Apes,"['Action', 'Adventure', 'Drama']",7.6,390199,Fox,208500000.0,27.641,2014-07-11,7.3,7080,7
tt2109184,Paranormal Activity 4,"['Horror', 'Mystery', 'Thriller']",4.6,58408,Par.,53900000.0,8.965,2012-10-19,5.4,1026,10
tt2109248,Transformers: Age of Extinction,"['Action', 'Adventure', 'Sci-Fi']",5.7,283486,Par.,245400000.0,20.961,2014-06-27,5.8,4805,6
tt2112124,Chennai Express,"['Action', 'Comedy']",6.1,44841,UTV,5300000.0,7.773,2013-08-08,6.4,150,8
tt2119532,Hacksaw Ridge,"['Biography', 'Drama', 'History']",8.1,366904,LGF,67200000.0,24.074,2016-11-04,8.1,6608,11
tt2126355,San Andreas,"['Action', 'Adventure', 'Drama']",6.1,192750,WB (NL),155200000.0,27.414,2015-05-29,6.1,5125,5
tt2140373,Saving Mr. Banks,"['Biography', 'Comedy', 'Drama']",7.5,140678,BV,83300000.0,9.585,2013-12-20,7.4,2050,12
tt2140479,The Accountant,"['Action', 'Crime', 'Drama']",7.3,233022,WB,86300000.0,13.81,2016-10-14,6.9,3407,10
tt2140619,Two Night Stand,"['Comedy', 'Romance']",6.4,60510,EOne,18600.0,9.191,2014-09-26,6.5,1241,9
tt2166214,Khiladi 786,"['Action', 'Comedy']",4.4,5648,Eros,379000.0,1.824,2012-12-07,4.7,16,12
tt2170439,Horrible Bosses 2,"['Comedy', 'Crime']",6.3,144442,WB,54400000.0,18.421,2014-11-26,6.2,2581,11
tt2172934,3 Days to Kill,"['Action', 'Drama', 'Thriller']",6.2,81681,Rela.,30700000.0,11.011,2014-02-14,6.1,1279,2
tt2179136,American Sniper,"['Action', 'Biography', 'Drama']",7.3,401915,WB,350100000.0,18.473,2014-12-25,7.4,7658,12
tt2181931,English Vinglish,"['Comedy', 'Drama', 'Family']",7.9,30323,Eros,1900000.0,5.835,2013-02-14,7.5,111,2
tt2181948,Red,['Thriller'],5.8,9,Sum.,90400000.0,0.6,2014-01-01,5.0,1,1
tt2191701,Grown Ups 2,['Comedy'],5.4,128500,Sony,133699999.0,11.289000000000001,2013-07-12,5.9,2090,7
tt2193215,The Counselor,"['Crime', 'Drama', 'Thriller']",5.3,92096,Fox,17000000.0,10.55,2013-10-25,5.1,1072,10
tt2194499,About Time,"['Comedy', 'Drama', 'Fantasy']",7.8,263136,Uni.,15300000.0,14.133,2013-11-08,7.9,3981,11
tt2199571,Run All Night,"['Action', 'Drama', 'Thriller']",6.6,94131,WB,26500000.0,17.592,2015-03-13,6.4,1684,3
tt2202408,Transcendence,['Drama'],6.1,22,WB,23000000.0,0.6,2012-06-09,5.5,2,6
tt2203939,The Other Woman,"['Comedy', 'Romance']",6.0,122889,IFC,25400.0,9.15,2011-02-04,6.2,220,2
tt2229499,Don Jon,"['Comedy', 'Drama', 'Romance']",6.6,216350,Rela.,24500000.0,12.78,2013-09-27,5.9,2709,9
tt2238050,White Bird in a Blizzard,"['Drama', 'Mystery', 'Thriller']",6.4,25376,Magn.,33800.0,7.852,2014-09-25,6.2,485,9
tt2243537,A Haunted House,"['Comedy', 'Fantasy']",5.1,40308,ORF,40000000.0,6.909,2013-01-11,5.5,871,1
tt2244901,I Give It a Year,"['Comedy', 'Romance']",5.7,34091,Magn.,34700.0,7.721,2013-02-10,5.4,489,2
tt2245084,Big Hero 6,"['Action', 'Adventure', 'Animation']",7.8,371204,BV,222500000.0,36.92,2014-11-07,7.8,10176,11
tt2250564,In Bloom,"['Drama', 'Romance', 'Thriller']",5.8,857,BWP,56100.0,2.436,2013-07-13,6.9,12,7
tt2267968,Kung Fu Panda 3,"['Action', 'Adventure', 'Animation']",7.1,116166,Fox,143500000.0,16.248,2016-01-29,6.7,2944,1
tt2267998,Gone Girl,"['Drama', 'Mystery', 'Thriller']",8.1,761592,Fox,167800000.0,31.215,2014-10-03,7.9,10459,10
tt2278388,The Grand Budapest Hotel,"['Adventure', 'Comedy', 'Crime']",8.1,633604,FoxS,59300000.0,18.31,2014-03-07,8.0,8091,3
tt2279373,The SpongeBob Movie: Sponge Out of Water,"['Adventure', 'Animation', 'Comedy']",6.0,43560,Par.,163000000.0,13.815,2015-02-06,5.7,1165,2
tt2290739,The Devil's Hand,"['Horror', 'Thriller']",5.0,3339,RAtt.,5700.0,4.862,2014-10-10,5.1,65,10
tt2294449,22 Jump Street,"['Action', 'Comedy', 'Crime']",7.0,319504,Sony,191700000.0,11.175999999999998,2014-06-13,6.9,5167,6
tt2301155,Shootout at Wadala,"['Action', 'Crime']",5.9,5610,Eros,370000.0,0.6,2013-05-03,6.5,14,5
tt2302755,Olympus Has Fallen,"['Action', 'Thriller']",6.5,235443,FD,98900000.0,13.864,2013-03-22,6.2,4086,3
tt2304933,The 5th Wave,"['Action', 'Adventure', 'Drama']",5.2,90788,Sony,34900000.0,12.967,2016-01-15,5.8,3657,1
tt2309260,The Gallows,"['Horror', 'Mystery', 'Thriller']",4.2,17763,WB (NL),22800000.0,9.166,2015-07-10,4.8,591,7
tt2310332,The Hobbit: The Battle of the Five Armies,"['Adventure', 'Fantasy']",7.4,438621,WB (NL),255100000.0,53.783,2014-12-17,7.3,8392,12
tt2316204,Alien: Covenant,"['Horror', 'Sci-Fi', 'Thriller']",6.4,226920,Fox,74300000.0,24.651,2017-05-19,5.9,4971,5
tt2321549,The Babadook,"['Drama', 'Horror']",6.8,171411,IFC,964000.0,11.502,2014-11-28,6.4,3528,11
tt2322441,Fifty Shades of Grey,"['Drama', 'Romance', 'Thriller']",4.1,279126,Uni.,166200000.0,21.229,2015-02-13,5.4,6451,2
tt2326554,A Girl Walks Home Alone at Night,"['Drama', 'Horror']",7.0,26631,KL,492000.0,7.468,2014-01-19,6.8,395,1
tt2333784,The Expendables 3,"['Action', 'Adventure', 'Thriller']",6.1,156432,LGF,39300000.0,18.797,2014-08-15,6.1,2876,8
tt2333804,The Zero Theorem,"['Comedy', 'Drama', 'Fantasy']",6.1,42082,Ampl.,258000.0,9.314,2014-08-19,6.1,615,8
tt2334649,Fruitvale Station,"['Biography', 'Drama', 'Romance']",7.5,68187,Wein.,16100000.0,9.587,2013-07-26,7.4,645,7
tt2334873,Blue Jasmine,['Drama'],7.3,179453,SPC,33400000.0,10.443,2013-07-26,7.0,1983,7
tt2357291,Rio 2,"['Adventure', 'Animation', 'Comedy']",6.3,72209,Fox,131500000.0,18.11,2014-04-11,6.3,1803,4
tt2364841,Runner Runner,"['Crime', 'Thriller']",5.6,58235,Fox,19300000.0,10.442,2013-10-02,5.6,761,10
tt2379713,Spectre,"['Action', 'Adventure', 'Thriller']",6.8,352504,Sony,200100000.0,30.318,2015-11-06,6.4,6719,11
tt2381111,Brooklyn,"['Drama', 'Romance']",7.5,117021,FoxS,38300000.0,12.083,2015-11-04,7.3,1912,11
tt2381249,Mission: Impossible - Rogue Nation,"['Action', 'Adventure', 'Thriller']",7.4,311704,Par.,195000000.0,20.177,2015-07-31,7.1,5242,7
tt2381991,The Huntsman: Winter's War,"['Action', 'Adventure', 'Drama']",6.1,87714,Uni.,48400000.0,16.660999999999998,2016-04-22,6.2,2966,4
tt2387433,Dark Skies,"['Horror', 'Sci-Fi', 'Thriller']",6.3,65754,W/Dim.,17400000.0,11.582,2013-02-22,6.1,1004,2
tt2387589,The Girl on the Train,['Thriller'],4.4,819,Strand,208000.0,1.595,2014-07-03,5.9,25,7
tt2388637,Ain't Them Bodies Saints,"['Crime', 'Drama', 'Romance']",6.4,19464,IFC,397000.0,8.166,2013-08-16,6.2,217,8
tt2388715,Oculus,"['Horror', 'Mystery']",6.5,106906,Rela.,27700000.0,10.841,2014-04-03,6.4,1747,4
tt2393845,Kill Me Three Times,"['Action', 'Comedy', 'Crime']",5.9,18238,Magn.,24300.0,7.12,2015-04-10,5.6,260,4
tt2395427,Avengers: Age of Ultron,"['Action', 'Adventure', 'Sci-Fi']",7.3,665594,BV,459000000.0,44.383,2015-05-01,7.3,13457,5
tt2397535,Predestination,"['Drama', 'Mystery', 'Sci-Fi']",7.5,225349,VE,68400.0,13.625,2015-01-09,7.4,3332,1
tt2402101,Dark Places,"['Action', 'Drama', 'Mystery']",6.2,38160,A24,209000.0,10.979000000000001,2015-08-07,5.9,753,8
tt2402105,Dom Hemingway,"['Comedy', 'Crime', 'Drama']",6.2,24557,FoxS,524000.0,7.254,2014-04-03,5.8,302,4
tt2404425,Woman in Gold,"['Biography', 'Drama', 'History']",7.3,48501,Wein.,33299999.0,7.76,2015-04-10,7.4,787,4
tt2404463,The Heat,"['Action', 'Comedy', 'Crime']",6.6,153501,Fox,159600000.0,16.912,2013-06-28,6.6,2441,6
tt2409818,Open Windows,"['Crime', 'Horror', 'Thriller']",5.2,12764,Cdgm.,1800.0,5.608,2014-10-02,5.1,266,10
tt2436386,Project Almanac,"['Drama', 'Mystery', 'Sci-Fi']",6.4,71500,Par.,22300000.0,9.55,2015-01-30,6.5,1449,1
tt2436516,Go Goa Gone,"['Action', 'Adventure', 'Comedy']",6.6,10397,Eros,298000.0,3.032,2013-05-10,5.7,52,5
tt2450186,V/H/S/2,"['Horror', 'Thriller']",6.1,33319,Magn.,21800.0,8.812000000000001,2013-06-06,6.1,448,6
tt2452042,The Peanuts Movie,"['Adventure', 'Animation', 'Comedy']",7.1,39149,Fox,130199999.0,11.344000000000001,2015-11-01,6.6,894,11
tt2486678,5 to 7,"['Comedy', 'Drama', 'Romance']",7.1,16605,IFC,163000.0,7.045,2014-04-19,7.2,187,4
tt2528814,God's Not Dead,['Drama'],4.8,38051,Free,60800000.0,8.327,2014-03-21,6.1,503,3
tt2537176,I Spit on Your Grave 2,"['Horror', 'Thriller']",5.7,24100,Anch.,800.0,11.52,2013-09-20,6.1,500,9
tt2547584,The Light Between Oceans,"['Drama', 'Romance']",7.2,46247,BV,12500000.0,29.886999999999997,2016-09-02,7.1,831,9
tt2554274,Crimson Peak,"['Drama', 'Fantasy', 'Horror']",6.5,119287,Uni.,31100000.0,9.897,2015-10-16,6.5,2986,10
tt2557490,A Million Ways to Die in the West,"['Comedy', 'Western']",6.1,160534,Uni.,43100000.0,10.815999999999999,2014-05-30,5.8,2219,5
tt2567026,Alice Through the Looking Glass,"['Adventure', 'Family', 'Fantasy']",6.2,79951,BV,77000000.0,16.642,2016-05-27,6.5,3803,5
tt2581244,Life After Beth,"['Comedy', 'Fantasy', 'Horror']",5.6,17995,A24,88300.0,6.794,2014-08-15,5.2,350,8
tt2582782,Hell or High Water,"['Action', 'Crime', 'Drama']",7.6,176469,LGF,27000000.0,15.749,2016-08-12,7.3,2468,8
tt2592614,Resident Evil: The Final Chapter,"['Action', 'Horror', 'Sci-Fi']",5.6,74979,SGem,26800000.0,0.8440000000000001,2017-01-27,5.9,1859,1
tt2639254,A Little Chaos,"['Drama', 'Romance']",6.5,18290,FCW,558000.0,8.276,2015-06-26,6.2,411,6
tt2660118,Split,"['Comedy', 'Romance', 'Sport']",2.9,557,Uni.,138300000.0,0.9059999999999999,2012-05-24,5.3,2,5
tt2660888,Star Trek Beyond,"['Action', 'Adventure', 'Sci-Fi']",7.1,209844,Par.,158800000.0,19.142,2016-07-22,6.7,4275,7
tt2674426,Me Before You,"['Drama', 'Romance']",7.4,174567,WB (NL),56200000.0,16.917,2016-06-03,7.7,5939,6
tt2692250,Night at the Museum: Secret of the Tomb,"['Adventure', 'Comedy', 'Family']",6.2,93103,Fox,113700000.0,20.064,2014-12-19,6.1,3536,12
tt2717860,The Riot Club,"['Drama', 'Thriller']",6.0,19706,IFC,7700.0,5.862,2015-03-27,6.0,699,3
tt2752758,Devil's Due,"['Horror', 'Mystery', 'Thriller']",4.1,15502,Fox,15800000.0,5.893,2014-01-17,4.5,303,1
tt2756032,The One I Love,"['Drama', 'Fantasy', 'Mystery']",7.1,31033,RTWC,513000.0,8.767999999999999,2014-08-08,6.9,364,8
tt2784512,Zombeavers,"['Action', 'Adventure', 'Comedy']",4.8,14825,Free,14900.0,6.2139999999999995,2015-03-20,4.7,332,3
tt2788716,Welcome to Me,"['Comedy', 'Drama']",5.9,17259,Alc,609000.0,7.755,2015-05-08,5.8,195,5
tt2802144,Kingsman: The Secret Service,"['Action', 'Adventure', 'Comedy']",7.7,544510,Fox,128300000.0,26.103,2015-02-13,7.6,10287,2
tt2823574,Extraction,['Action'],4.8,997,LGP,16800.0,2.616,2013-09-05,5.5,21,9
tt2828996,A Haunted House 2,"['Comedy', 'Fantasy']",4.7,18085,ORF,17300000.0,6.9479999999999995,2014-04-18,5.5,597,4
tt2852406,Omar,"['Crime', 'Drama', 'Romance']",7.5,12072,AF,356000.0,0.6,2014-02-21,7.2,86,2
tt2869728,Ride Along 2,"['Action', 'Comedy', 'Crime']",5.9,48688,Uni.,91200000.0,12.977,2016-01-15,6.2,939,1
tt2872718,Nightcrawler,"['Crime', 'Drama', 'Thriller']",7.9,404476,ORF,32400000.0,25.596999999999998,2014-10-31,7.7,5860,10
tt2872732,Lucy,"['Action', 'Sci-Fi', 'Thriller']",6.4,403194,Uni.,126700000.0,16.73,2014-07-25,6.3,10019,7
tt2882590,The Wonders,"['Comedy', 'Mystery']",6.2,286,Osci.,73400.0,5.042,2014-06-09,6.9,62,6
tt2883512,Chef,"['Adventure', 'Comedy', 'Drama']",7.3,173270,ORF,31400000.0,15.722999999999999,2014-05-09,7.1,1764,5
tt2910274,Obvious Child,"['Comedy', 'Drama', 'Romance']",6.8,21536,A24,3100000.0,8.232000000000001,2014-06-06,6.7,256,6
tt2918436,The Lazarus Effect,"['Horror', 'Mystery', 'Sci-Fi']",5.2,37675,Rela.,25800000.0,0.6,2010-02-09,4.8,3,2
tt2935476,Far from the Madding Crowd,"['Drama', 'Romance']",7.1,41099,FoxS,12200000.0,8.683,2015-05-01,7.0,586,5
tt2948356,Zootopia,"['Adventure', 'Animation', 'Comedy']",8.0,383446,BV,341300000.0,27.549,2016-03-04,7.7,9977,3
tt2967224,Hot Pursuit,"['Action', 'Comedy', 'Crime']",5.1,44723,WB (NL),34600000.0,9.607000000000001,2015-05-08,5.6,1000,5
tt2975578,The Purge: Anarchy,"['Action', 'Horror', 'Sci-Fi']",6.5,126203,Uni.,72000000.0,28.424,2014-07-18,6.6,3754,7
tt2975590,Batman v Superman: Dawn of Justice,"['Action', 'Adventure', 'Fantasy']",6.5,576909,WB,330400000.0,28.088,2016-03-25,5.8,11991,3
tt2980516,The Theory of Everything,"['Biography', 'Drama', 'Romance']",7.7,361534,Focus,35900000.0,13.866,2014-11-26,7.9,6412,11
tt2980554,The Girl in the Book,['Drama'],6.2,3684,Free,8200.0,5.959,2015-06-13,5.9,89,6
tt2980648,The Hundred-Foot Journey,"['Comedy', 'Drama']",7.3,69562,BV,54200000.0,8.26,2014-08-08,7.3,785,8
tt2980706,Planes: Fire & Rescue,"['Adventure', 'Animation', 'Comedy']",6.0,15273,BV,59200000.0,9.231,2014-07-18,6.0,420,7
tt3741834,Lion,"['Biography', 'Drama']",8.1,181601,Wein.,51700000.0,17.215999999999998,2016-11-25,8.1,3833,11
tt3045616,Mortdecai,"['Action', 'Comedy', 'Crime']",5.5,61366,LGF,7700000.0,13.263,2015-01-23,5.4,1666,1
tt3065204,The Conjuring 2,"['Drama', 'Horror', 'Mystery']",7.4,194543,WB (NL),102500000.0,19.058,2016-06-10,7.2,4153,6
tt3072482,Hardcore Henry,"['Action', 'Adventure', 'Sci-Fi']",6.7,78226,STX,9300000.0,10.459000000000001,2016-04-06,6.2,1294,4
tt3110958,Now You See Me 2,"['Action', 'Adventure', 'Comedy']",6.5,216219,LG/S,65099999.0,25.805,2016-06-10,6.8,6744,6
tt3110960,Jimmy's Hall,"['Biography', 'Drama', 'History']",6.7,5241,SPC,561000.0,5.566,2014-05-30,6.7,82,5
tt3121332,Nasty Baby,['Drama'],5.6,2099,Orch.,79800.0,4.5489999999999995,2015-10-23,5.3,32,10
tt3152624,Trainwreck,"['Comedy', 'Drama', 'Romance']",6.2,121860,Uni.,110200000.0,18.423,2015-07-17,5.8,1731,7
tt3165612,Sleeping with Other People,"['Comedy', 'Drama', 'Romance']",6.5,36105,IFC,819000.0,8.392000000000001,2015-09-11,6.3,517,9
tt3179568,"Men, Women & Children","['Comedy', 'Drama']",6.7,28110,Par.,706000.0,8.658,2014-10-17,6.5,518,10
tt3205376,Slow West,"['Adventure', 'Western']",6.9,38237,A24,229000.0,9.669,2015-04-16,6.7,532,4
tt3289956,The Autopsy of Jane Doe,"['Horror', 'Mystery', 'Thriller']",6.8,76339,IFC,10500.0,13.61,2016-12-21,6.5,1869,12
tt3316948,American Ultra,"['Action', 'Comedy', 'Sci-Fi']",6.1,76769,LGF,14400000.0,9.97,2015-08-21,6.0,1756,8
tt3322940,Annabelle,"['Horror', 'Mystery', 'Thriller']",5.4,122039,WB (NL),84300000.0,13.989,2014-10-03,5.6,3357,10
tt3348730,Jigsaw,"['Crime', 'Horror', 'Mystery']",5.8,57184,LGF,38100000.0,17.398,2017-10-27,6.1,1887,10
tt3385516,X-Men: Apocalypse,"['Action', 'Adventure', 'Sci-Fi']",7.0,356556,Fox,155400000.0,39.293,2016-05-27,6.5,8348,5
tt3397884,Sicario,"['Action', 'Crime', 'Drama']",7.6,328548,LGF,46900000.0,20.468,2015-09-18,7.3,4475,9
tt3401882,Fist Fight,['Comedy'],5.6,35136,WB (NL),32200000.0,9.808,2017-02-17,6.0,708,2
tt3442990,Lila & Eve,"['Crime', 'Drama', 'Mystery']",5.8,7194,Gold.,38300.0,6.107,2015-07-31,5.7,136,7
tt3460252,The Hateful Eight,"['Crime', 'Drama', 'Mystery']",7.8,434966,Wein.,54100000.0,20.680999999999997,2015-12-25,7.7,8065,12
tt3470600,Sing,"['Animation', 'Comedy', 'Family']",7.1,115951,Uni.,270400000.0,17.572,2016-12-21,6.9,4303,12
tt3498820,Captain America: Civil War,"['Action', 'Adventure', 'Sci-Fi']",7.8,583507,BV,408100000.0,39.137,2016-05-06,7.4,14000,5
tt3521164,Moana,"['Adventure', 'Animation', 'Comedy']",7.6,224253,BV,248800000.0,1.96,2015-11-13,6.5,16,11
tt3522806,Mechanic: Resurrection,"['Action', 'Adventure', 'Thriller']",5.7,67275,LG/S,21200000.0,16.302,2016-08-26,5.6,1929,8
tt3553442,Whiskey Tango Foxtrot,"['Biography', 'Comedy', 'Drama']",6.6,46265,Par.,23100000.0,8.564,2016-03-04,6.2,596,3
tt3554418,Khoobsurat,"['Comedy', 'Romance']",6.4,6811,UTV,711000.0,4.768,2014-09-19,6.8,66,9
tt3605418,Knock Knock,"['Drama', 'Thriller']",4.9,68328,LGP,36300.0,17.867,2015-10-09,5.0,1490,10
tt3640424,Allied,"['Action', 'Drama', 'Romance']",7.1,125741,Par.,40100000.0,19.611,2016-11-23,6.7,2765,11
tt3659388,The Martian,"['Adventure', 'Drama', 'Sci-Fi']",8.0,680116,Fox,228400000.0,22.855999999999998,2015-10-02,7.7,12172,10
tt3682448,Bridge of Spies,"['Drama', 'History', 'Thriller']",7.6,263004,BV,72300000.0,12.835999999999999,2015-10-16,7.2,4313,10
tt3691740,The BFG,"['Adventure', 'Family', 'Fantasy']",6.4,69340,BV,55500000.0,20.08,2016-07-01,6.2,1916,7
tt4255304,The Void,"['Horror', 'Mystery', 'Sci-Fi']",5.8,25143,Scre.,151000.0,11.54,2017-04-07,5.8,521,4
tt3717252,Underworld: Blood Wars,"['Action', 'Adventure', 'Fantasy']",5.8,62942,SGem,30400000.0,18.976,2017-01-06,5.5,2318,1
tt3721936,American Honey,"['Adventure', 'Drama', 'Romance']",7.0,31663,A24,663000.0,8.777999999999999,2016-09-30,6.7,417,9
tt3731562,Kong: Skull Island,"['Action', 'Adventure', 'Fantasy']",6.6,237720,WB,168100000.0,29.388,2017-03-10,6.3,6054,3
tt3783958,La La Land,"['Comedy', 'Drama', 'Music']",8.0,436070,LG/S,151100000.0,16.275,2016-12-09,7.9,10028,12
tt3799694,The Nice Guys,"['Action', 'Comedy', 'Crime']",7.4,240337,WB,36300000.0,13.743,2016-05-20,7.1,4272,5
tt3824458,Tangerine,"['Comedy', 'Crime', 'Drama']",7.1,23133,Magn.,702000.0,6.94,2015-07-10,7.0,314,7
tt3832914,War Room,['Drama'],6.5,11716,TriS,67800000.0,7.419,2015-08-28,7.5,171,8
tt3850590,Krampus,"['Comedy', 'Fantasy', 'Horror']",6.2,55400,Uni.,42700000.0,9.417,2015-12-04,6.0,1046,12
tt3863552,Bajrangi Bhaijaan,"['Action', 'Comedy', 'Drama']",8.0,63747,Eros,8199999.0,7.122000000000001,2015-07-17,7.9,232,7
tt3949660,Teenage Mutant Ninja Turtles: Out of the Shadows,"['Action', 'Adventure', 'Comedy']",6.0,77234,Par.,82100000.0,15.095999999999998,2016-06-03,5.9,1860,6
tt3958034,Don't Breathe,['Documentary'],6.6,43,SGem,89200000.0,12.140999999999998,2016-08-26,6.9,3662,8
tt3966404,Mustang,['Drama'],7.6,30899,Cohen,845000.0,7.459,2015-11-20,8.0,755,11
tt4005402,Colonia,"['Drama', 'Romance', 'Thriller']",7.1,41738,Scre.,15700.0,10.137,2016-04-15,7.4,1103,4
tt4034228,Manchester by the Sea,['Drama'],7.8,214557,RAtt.,47700000.0,16.637999999999998,2016-11-18,7.5,3176,11
tt4046784,Maze Runner: The Scorch Trials,"['Action', 'Sci-Fi', 'Thriller']",6.3,201143,Fox,81700000.0,17.31,2015-09-18,6.6,6365,9
tt4196776,Jason Bourne,"['Action', 'Thriller']",6.6,190596,Uni.,162400000.0,14.568,2016-07-29,6.1,3611,7
tt4291590,Evolution,"['Drama', 'Mystery', 'Sci-Fi']",6.0,5266,IFC,24800.0,4.208,2015-09-14,6.3,73,9
tt4302938,Kubo and the Two Strings,"['Action', 'Adventure', 'Animation']",7.8,105578,Focus,48000000.0,13.847000000000001,2016-08-19,7.7,2029,8
tt4572514,Patriots Day,"['Action', 'Crime', 'Drama']",7.4,76204,LGF,31900000.0,15.435,2016-12-21,6.9,1337,12
tt4624424,Storks,"['Adventure', 'Animation', 'Comedy']",6.8,50448,WB,72700000.0,12.100999999999999,2016-09-23,6.5,1308,9
tt4651520,Bad Moms,['Comedy'],6.2,100952,STX,113300000.0,14.332,2016-07-29,6.5,2600,7
tt4698684,Hunt for the Wilderpeople,"['Adventure', 'Comedy', 'Drama']",7.9,87532,Orch.,5200000.0,12.545,2016-06-24,7.8,915,6
tt4799066,Midnight Sun,"['Drama', 'Romance']",6.6,16220,Global Road,9600000.0,4.145,2014-09-01,6.0,38,9
tt5052448,Get Out,"['Horror', 'Mystery', 'Thriller']",7.7,400474,Uni.,176000000.0,0.8340000000000001,2010-02-01,5.5,8,2
tt5325452,Boo! A Madea Halloween,"['Comedy', 'Drama', 'Horror']",4.6,6867,LGF,73200000.0,7.141,2016-10-21,5.3,280,10
tt5758778,Skyscraper,"['Action', 'Adventure', 'Thriller']",5.8,81193,Uni.,68400000.0,26.229,2018-07-13,6.1,2177,7
tt6333056,City of Ghosts,"['Documentary', 'War']",7.4,2925,IFC,128000.0,4.341,2017-07-14,7.1,24,7
tt8097306,Nobody's Fool,"['Comedy', 'Drama', 'Romance']",4.6,3618,Par.,31700000.0,12.276,2018-11-02,5.9,96,11
